ilkid,year,firstname,lastname,team,leag,gp,minutes,pts,oreb,dreb,reb,asts,stl,blk,turnover,pf,fga,fgm,fta,ftm,tpa,tpm
AfflaAr01 ,2009,Arron,Afflalo,DEN,N,82,2230,724,59,193,252,138,46,30,74,225,585,272,98,72,249,108
AjincAl01 ,2009,Alexis,Ajinca,CHR,N,6,30,10,1,3,4,0,1,1,2,5,10,5,1,0,0,0
AldriLa01 ,2009,LaMarcus,Aldridge,POR,N,78,2922,1393,192,435,627,160,67,48,104,231,1169,579,304,230,16,5
AlexaJo01 ,2009,Joe,Alexander,CHI,N,8,29,4,2,3,5,2,1,1,0,9,6,1,3,2,1,0
BalkmRe01 ,2009,Renaldo,Balkman,DEN,N,13,91,14,4,19,23,7,8,2,6,16,18,6,6,2,7,0
BanksMa01 ,2009,Marcus,Banks,TOR,N,22,244,109,3,20,23,26,12,2,20,30,73,39,29,24,24,7
BarboLe01 ,2009,Leandro,Barbosa,PHO,N,44,786,418,11,58,69,64,23,12,46,71,365,155,73,64,136,44
BareaJo01 ,2009,Jose,Barea,DAL,N,78,1546,596,17,129,146,258,35,6,102,119,527,232,90,76,157,56
BargnAn01 ,2009,Andrea,Bargnani,TOR,N,80,2799,1376,105,388,493,93,25,111,120,215,1143,537,234,181,325,121
BarneMa02 ,2009,Matt,Barnes,ORL,N,81,2097,716,106,339,445,134,59,30,112,185,557,271,146,108,207,66
BarroEa01 ,2009,Earl,Barron,NYK,N,7,232,82,31,46,77,8,4,4,11,24,68,30,29,22,0,0
BassBr01  ,2009,Brandon,Bass,ORL,N,50,648,290,54,73,127,19,12,27,31,69,233,119,63,52,0,0
BattiSh01 ,2009,Shane,Battier,HOU,N,67,2168,534,74,238,312,164,53,76,64,139,447,178,106,77,279,101
BattiTo01 ,2009,Tony,Battie,NJN,N,15,134,36,4,19,23,3,4,2,3,19,40,14,10,7,4,1
BatumNi01 ,2009,Nicolas,Batum,POR,N,37,918,375,32,109,141,44,24,25,27,83,268,139,51,43,132,54
BayleJe01 ,2009,Jerryd,Bayless,POR,N,74,1304,630,18,102,120,172,26,5,94,152,483,200,242,201,92,29
BeaslMi01 ,2009,Michael,Beasley,MIA,N,78,2328,1156,123,375,498,100,80,49,131,221,1040,468,240,192,102,28
CambyMa01 ,2009,Marcus,Camby,POR,N,23,718,162,83,172,255,35,26,47,27,56,145,72,31,18,1,0
CambyMa01 ,2009,Marcus,Camby,LAC,N,51,1596,394,166,450,616,151,69,99,64,105,356,166,91,60,6,2
CambyMa01 ,2009,Marcus,Camby,TOT,N,74,2314,556,249,622,871,186,95,146,91,161,501,238,122,78,7,2
CardiBr01 ,2009,Brian,Cardinal,MIN,N,29,267,48,7,22,29,24,9,3,7,56,36,14,18,17,9,3
CarneRo01 ,2009,Rodney,Carney,PHI,N,68,857,319,26,111,137,37,25,20,21,79,282,113,63,52,135,41
CarroDe01 ,2009,DeMarre,Carroll,MEM,N,71,795,209,53,97,150,33,28,9,24,107,222,88,53,33,6,0
CarroMa01 ,2009,Matt,Carroll,DAL,N,25,121,46,4,8,12,6,5,0,7,13,50,18,6,6,19,4
CarteAn01 ,2009,Anthony,Carter,DEN,N,54,859,180,17,72,89,160,39,13,58,72,181,76,13,11,63,17
CarteVi01 ,2009,Vince,Carter,ORL,N,75,2310,1244,33,260,293,236,53,18,106,189,1015,434,306,257,324,119
CasspOm01 ,2009,Omri,Casspi,SAC,N,77,1931,792,75,274,349,95,54,17,98,125,672,300,174,117,203,75
ChalmMa01 ,2009,Mario,Chalmers,MIA,N,73,1807,521,25,110,135,246,91,12,123,175,454,182,110,82,236,75
ChandTy01 ,2009,Tyson,Chandler,CHR,N,51,1163,333,114,206,320,16,17,55,91,138,190,109,157,115,0,0
ChandWi01 ,2009,Wilson,Chandler,NYK,N,65,2320,993,93,255,348,138,46,49,108,184,860,412,160,129,150,40
EvansTy01 ,2009,Tyreke,Evans,SAC,N,72,2677,1450,66,314,380,414,109,26,216,204,1165,533,465,348,141,36
FarmaJo01 ,2009,Jordan,Farmar,LAL,N,82,1474,591,14,117,131,127,52,11,72,109,515,224,85,57,229,86
FeltoRa01 ,2009,Raymond,Felton,CHR,N,80,2643,968,53,235,288,446,123,22,168,172,846,388,173,132,156,60
FernaRu01 ,2009,Rudy,Fernandez,POR,N,62,1441,503,35,129,164,127,62,11,72,87,423,160,98,85,266,98
FesenKy01 ,2009,Kyrylo,Fesenko,UTA,N,49,408,128,33,57,90,15,6,19,24,78,95,52,57,24,1,0
FinleMi01 ,2009,Michael,Finley,SAS,N,25,395,93,5,33,38,19,6,4,13,12,97,37,9,6,41,13
FinleMi01 ,2009,Michael,Finley,BOS,N,21,314,109,1,32,33,24,4,2,8,21,87,44,6,2,41,19
FinleMi01 ,2009,Michael,Finley,TOT,N,46,709,202,6,65,71,43,10,6,21,33,184,81,15,8,82,32
FisheDe01 ,2009,Derek,Fisher,LAL,N,82,2227,615,25,145,170,201,90,9,78,202,558,212,132,113,224,78
FlynnJo01 ,2009,Jonny,Flynn,MIN,N,81,2339,1094,24,167,191,356,82,2,233,98,952,397,270,223,215,77
FordTJ01  ,2009,T.J.,Ford,IND,N,47,1189,484,41,108,149,180,44,11,90,102,418,186,135,104,50,8
FosteJe01 ,2009,Jeff,Foster,IND,N,16,255,49,34,47,81,21,3,4,14,45,46,22,9,5,1,0
FoyeRa01  ,2009,Randy,Foye,WAS,N,70,1667,704,16,114,130,228,33,10,94,123,619,256,145,129,182,63
FryeCh01  ,2009,Channing,Frye,PHO,N,81,2190,904,66,361,427,113,64,74,73,263,703,317,121,98,392,172
GadzuDa01 ,2009,Dan,Gadzuric,MIL,N,32,314,88,38,54,92,12,9,13,15,63,89,39,25,10,0,0
GaineSu01 ,2009,Sundiata,Gaines,UTA,N,32,217,106,6,23,29,39,12,0,14,17,82,38,46,23,26,7
GalliDa01 ,2009,Danilo,Gallinari,NYK,N,81,2747,1221,65,333,398,135,75,58,110,191,927,392,307,251,488,186
GarciFr01 ,2009,Francisco,Garcia,SAC,N,25,575,202,11,55,66,45,10,19,21,49,176,82,17,15,59,23
GarneKe01 ,2009,Kevin,Garnett,BOS,N,69,2060,990,78,428,506,185,68,57,101,170,772,402,221,185,5,1
GasolMa01 ,2009,Marc,Gasol,MEM,N,69,2469,1008,208,432,640,165,69,109,135,254,651,378,376,252,1,0
HayesCh01 ,2009,Chuck,Hayes,HOU,N,82,1773,358,151,314,465,139,73,43,74,219,329,161,66,36,0,0
HayesJa01 ,2009,Jarvis,Hayes,NJN,N,45,1032,350,9,99,108,40,29,9,28,91,328,138,18,14,179,60
HaywoBr01 ,2009,Brendan,Haywood,DAL,N,28,741,226,78,130,208,25,8,57,32,64,156,88,87,50,1,0
HaywoBr01 ,2009,Brendan,Haywood,TOT,N,77,2355,704,278,437,715,43,26,158,99,209,491,276,245,152,1,0
HaywoBr01 ,2009,Brendan,Haywood,WAS,N,49,1614,478,200,307,507,18,18,101,67,145,335,188,158,102,0,0
HeadLu01  ,2009,Luther,Head,IND,N,47,813,357,6,74,80,72,18,9,54,53,311,136,58,48,105,37
HendeGe02 ,2009,Gerald,Henderson,CHR,N,43,355,113,15,40,55,13,10,9,14,25,104,37,47,35,19,4
HibbeRo01 ,2009,Roy,Hibbert,IND,N,81,2035,946,177,287,464,158,30,131,145,285,782,387,224,169,6,3
HicksJJ01 ,2009,J.J.,Hickson,CLE,N,81,1691,689,110,290,400,40,36,39,92,132,522,289,163,111,1,0
HilarNe01 ,2009,Nene,Hilario,DEN,N,82,2755,1135,166,461,627,203,115,82,125,281,717,421,416,293,2,0
HillGe01  ,2009,George,Hill,SAS,N,78,2276,964,42,163,205,226,69,26,101,222,738,353,237,183,188,75
HillGr01  ,2009,Grant,Hill,PHO,N,81,2430,912,74,371,445,193,60,36,108,165,703,336,251,205,80,35
HillJo01  ,2009,Jordan,Hill,NYK,N,24,252,97,32,29,61,7,10,9,12,37,92,41,21,15,2,0
HillJo01  ,2009,Jordan,Hill,HOU,N,23,372,147,44,70,114,13,4,12,18,55,109,58,47,31,0,0
HillJo01  ,2009,Jordan,Hill,TOT,N,47,624,244,76,99,175,20,14,21,30,92,201,99,68,46,2,0
HinriKi01 ,2009,Kirk,Hinrich,CHI,N,74,2481,805,24,236,260,330,85,24,113,204,753,308,113,85,280,104
HolidJr01 ,2009,Jrue,Holiday,PHI,N,73,1767,587,56,135,191,280,79,18,156,153,520,230,86,65,159,62
HolliRy01 ,2009,Ryan,Hollins,MIN,N,73,1223,447,79,128,207,51,19,38,95,199,303,169,158,109,1,0
HorfoAl01 ,2009,Al,Horford,ATL,N,81,2845,1148,236,563,799,189,59,91,122,225,847,467,270,213,1,1
JacksSt02 ,2009,Stephen,Jackson,GSW,N,9,300,149,6,29,35,42,14,6,26,16,133,56,37,26,40,11
JacksSt02 ,2009,Stephen,Jackson,CHR,N,72,2829,1518,72,294,366,258,118,37,233,181,1285,544,397,312,353,118
JamesLe01 ,2009,LeBron,James,CLE,N,76,2966,2258,71,483,554,651,125,77,261,119,1528,768,773,593,387,129
JamesMi01 ,2009,Mike,James,WAS,N,4,46,18,1,2,3,5,3,0,5,3,20,6,8,4,6,2
JamisAn01 ,2009,Antawn,Jamison,WAS,N,41,1595,840,99,263,362,52,43,9,61,112,700,315,217,152,168,58
JamisAn01 ,2009,Antawn,Jamison,CLE,N,25,811,395,37,156,193,32,28,12,30,67,336,163,83,42,79,27
JamisAn01 ,2009,Antawn,Jamison,TOT,N,66,2406,1235,136,419,555,84,71,21,91,179,1036,478,300,194,247,85
JawaiNa01 ,2009,Nathan,Jawai,MIN,N,39,412,124,49,55,104,24,10,9,27,58,111,49,38,26,1,0
JeffeAl01 ,2009,Al,Jefferson,MIN,N,76,2463,1301,180,523,703,137,63,98,136,205,1125,560,266,181,4,0
JeffeOt01 ,2009,Othyus,Jeffers,UTA,N,14,72,37,8,11,19,1,4,0,6,10,29,12,19,13,0,0
JeffeRi01 ,2009,Richard,Jefferson,SAS,N,81,2520,994,58,298,356,158,45,40,105,178,775,362,287,211,187,59
JeffrJa01 ,2009,Jared,Jeffries,NYK,N,52,1462,284,99,124,223,83,53,58,62,157,230,102,93,60,62,20
JeffrJa01 ,2009,Jared,Jeffries,HOU,N,18,332,88,31,34,65,18,9,13,14,46,84,36,27,15,9,1
JeffrJa01 ,2009,Jared,Jeffries,TOT,N,70,1794,372,130,158,288,101,62,71,76,203,314,138,120,75,71,21
JenniBr01 ,2009,Brandon,Jennings,MIL,N,82,2671,1270,49,233,282,470,105,18,200,191,1216,451,273,223,388,145
JerebJo01 ,2009,Jonas,Jerebko,DET,N,80,2232,741,194,284,478,58,79,29,82,230,603,290,176,125,115,36
JianlYi01 ,2009,Yi,Jianlian,NJN,N,52,1655,623,115,257,372,47,37,52,77,170,563,227,193,154,41,15
JohnsAm01 ,2009,Amir,Johnson,TOR,N,82,1453,511,154,241,395,48,44,66,63,255,334,208,149,95,4,0
JohnsAn02 ,2009,Anthony,Johnson,ORL,N,31,406,130,8,40,48,63,11,1,26,32,111,49,20,19,39,13
JohnsJa01 ,2009,James,Johnson,CHI,N,65,757,256,34,94,128,48,21,43,62,126,210,95,70,51,46,15
JohnsJo02 ,2009,Joe,Johnson,ATL,N,76,2886,1619,74,279,353,369,82,5,145,145,1386,635,269,220,350,129
JonesDa02 ,2009,Dahntay,Jones,IND,N,76,1892,776,48,181,229,150,40,39,129,237,623,287,257,198,32,4
JonesDw02 ,2009,Dwayne,Jones,PHO,N,2,7,0,0,2,2,0,0,0,0,1,0,0,0,0,0,0
JonesJa02 ,2009,James,Jones,MIA,N,36,503,146,4,41,45,17,11,4,11,45,119,43,28,23,90,37
JonesSo01 ,2009,Solomon,Jones,IND,N,52,675,207,51,93,144,32,14,37,40,125,176,78,71,51,3,0
LowryKy01 ,2009,Kyle,Lowry,HOU,N,68,1651,620,91,156,247,305,60,9,116,173,464,184,260,215,136,37
MaggeCo01 ,2009,Corey,Maggette,GSW,N,70,2081,1387,92,281,373,172,52,4,168,231,886,457,551,460,50,13
MagloJa01 ,2009,Jamaal,Magloire,MIA,N,36,359,77,41,80,121,1,9,11,17,59,56,28,59,21,0,0
MahinIa01 ,2009,Ian,Mahinmi,SAS,N,26,165,101,13,39,52,2,3,8,15,32,55,35,47,31,0,0
MarioSh01 ,2009,Shawn,Marion,DAL,N,75,2385,898,158,319,477,107,69,61,99,141,778,395,139,105,19,3
MarksSe01 ,2009,Sean,Marks,NOH,N,14,75,10,14,9,23,2,0,3,2,17,8,4,5,2,0,0
MartiCa01 ,2009,Cartier,Martin,GSW,N,10,276,90,17,30,47,9,8,0,13,36,88,32,21,16,31,10
MartiCa01 ,2009,Cartier,Martin,TOT,N,18,390,141,25,43,68,16,11,1,19,48,136,50,30,24,49,17
MartiCa01 ,2009,Cartier,Martin,WAS,N,8,114,51,8,13,21,7,3,1,6,12,48,18,9,8,18,7
MartiKe01 ,2009,Kenyon,Martin,DEN,N,58,1986,667,142,404,546,109,72,61,91,186,620,283,167,93,29,8
MartiKe02 ,2009,Kevin,Martin,HOU,N,24,859,510,9,61,70,54,23,2,57,45,354,154,185,171,100,31
MartiKe02 ,2009,Kevin,Martin,SAC,N,22,774,436,20,74,94,57,23,4,35,51,339,135,155,127,110,39
MartiKe02 ,2009,Kevin,Martin,TOT,N,46,1633,946,29,135,164,111,46,6,92,96,693,289,340,298,210,70
MasonDe01 ,2009,Desmond,Mason,SAC,N,5,66,13,4,9,13,2,1,1,4,5,12,5,4,3,0,0
MasonRo01 ,2009,Roger,Mason,SAS,N,79,1515,501,11,151,162,137,30,14,59,99,496,193,34,27,264,88
MatthWe02 ,2009,Wesley,Matthews,UTA,N,82,2025,769,50,141,191,124,64,15,93,152,565,273,193,160,165,63
MaxieJa01 ,2009,Jason,Maxiell,DET,N,76,1550,513,161,240,401,39,36,38,68,175,415,212,155,89,1,0
MaynoEr01 ,2009,Eric,Maynor,OKC,N,55,906,248,11,80,91,185,27,8,57,82,235,102,39,27,47,17
MaynoEr01 ,2009,Eric,Maynor,TOT,N,81,1269,382,21,108,129,266,40,10,85,115,368,154,72,52,71,22
ooreMi01 ,2009,Mikki,Moore,GSW,N,23,406,115,26,43,69,36,5,13,21,60,90,54,11,7,0,0
MorriAd01 ,2009,Adam,Morrison,LAL,N,31,241,74,10,22,32,18,3,2,10,17,85,32,8,5,21,5
MorriRa01 ,2009,Randolph,Morris,ATL,N,28,124,62,10,28,38,2,5,3,12,34,41,23,27,16,0,0
MorroAn01 ,2009,Anthony,Morrow,GSW,N,69,2018,899,61,198,259,104,65,16,84,158,703,329,114,101,307,140
MulleBy01 ,2009,Byron,Mullens,OKC,N,13,54,14,3,7,10,1,2,0,4,13,19,7,0,0,0,0
MurphTr01 ,2009,Troy,Murphy,IND,N,72,2344,1050,129,608,737,150,72,34,100,175,813,384,193,154,333,128
MurraRo01 ,2009,Ronald,Murray,CHR,N,46,993,454,15,83,98,84,28,12,65,77,411,160,131,93,131,41
MurraRo01 ,2009,Ronald,Murray,CHI,N,29,680,292,13,72,85,51,18,4,26,49,272,108,63,48,90,28
MurraRo01 ,2009,Ronald,Murray,TOT,N,75,1673,746,28,155,183,135,46,16,91,126,683,268,194,141,221,69
NajerEd01 ,2009,Eduardo,Najera,TOT,N,46,685,157,34,81,115,29,26,14,25,94,146,62,24,14,64,19
NajerEd01 ,2009,Eduardo,Najera,DAL,N,33,481,108,22,55,77,14,17,12,13,61,93,42,12,8,47,16
NajerEd01 ,2009,Eduardo,Najera,NJN,N,13,204,49,12,26,38,15,9,2,12,33,53,20,12,6,17,3
NashSt01  ,2009,Steve,Nash,PHO,N,81,2660,1333,34,234,268,892,42,12,295,108,985,499,225,211,291,124
NelsoJa01 ,2009,Jameer,Nelson,ORL,N,65,1860,818,26,168,194,353,48,2,139,147,706,317,116,98,226,86
NovakSt01 ,2009,Steve,Novak,LAC,N,54,362,113,1,32,33,6,7,2,2,21,108,42,9,7,71,22
NowitDi01 ,2009,Dirk,Nowitzki,DAL,N,81,3039,2027,80,540,620,218,70,79,149,208,1496,720,586,536,121,51
ObertFa01 ,2009,Fabricio,Oberto,WAS,N,57,650,83,34,71,105,51,11,9,36,121,56,35,17,13,0,0
ObryaPa01 ,2009,Patrick,O'Bryant,TOR,N,11,51,19,2,9,11,1,2,4,5,12,15,8,6,3,1,0
OdenGr01  ,2009,Greg,Oden,POR,N,21,502,233,64,114,178,19,8,48,39,84,152,92,64,49,0,0
RadmaVl01 ,2009,Vladimir,Radmanovic,CHR,N,8,133,39,8,21,29,7,3,1,5,18,42,14,6,4,22,7
RadmaVl01 ,2009,Vladimir,Radmanovic,TOT,N,41,891,256,51,127,178,45,29,7,44,97,273,103,27,20,108,30
RandoAn01 ,2009,Anthony,Randolph,GSW,N,33,749,384,73,142,215,42,28,51,49,92,309,137,136,109,5,1
RandoSh01 ,2009,Shavlik,Randolph,POR,N,3,6,4,0,1,1,1,0,0,1,0,3,1,2,2,0,0
RandoSh01 ,2009,Shavlik,Randolph,MIA,N,3,47,10,7,6,13,0,1,1,2,9,15,5,0,0,0,0
RandoSh01 ,2009,Shavlik,Randolph,TOT,N,6,53,14,7,7,14,1,1,1,3,9,18,6,2,2,0,0
RandoZa01 ,2009,Zach,Randolph,MEM,N,81,3051,1681,330,620,950,149,80,34,174,226,1336,652,465,362,52,15
RatliTh01 ,2009,Theo,Ratliff,SAS,N,21,183,34,15,25,40,9,3,18,16,27,36,16,4,2,0,0
RatliTh01 ,2009,Theo,Ratliff,CHR,N,28,624,144,44,73,117,16,9,43,25,60,116,54,46,36,0,0
RatliTh01 ,2009,Theo,Ratliff,TOT,N,49,807,178,59,98,157,25,12,61,41,87,152,70,50,38,0,0
ReddMi01  ,2009,Michael,Redd,MIL,N,18,492,215,11,43,54,39,19,2,15,24,213,75,66,47,60,18
RedicJJ01 ,2009,J.J.,Redick,ORL,N,82,1808,788,17,138,155,158,28,4,63,118,553,243,222,191,274,111
RichaCh01 ,2009,Chris,Richard,CHI,N,18,224,37,19,40,59,7,8,4,14,50,29,15,11,7,0,0
RichaJa01 ,2009,Jason,Richardson,PHO,N,79,2485,1239,81,323,404,143,66,33,92,169,998,473,184,136,400,157
RichaQu01 ,2009,Quentin,Richardson,MIA,N,76,2082,678,64,310,374,93,70,18,62,169,561,242,71,52,358,142
RidnoLu01 ,2009,Luke,Ridnour,MIL,N,82,1759,852,24,119,143,324,54,7,106,182,686,328,140,127,181,69
RobinNa01 ,2009,Nate,Robinson,NYK,N,30,733,397,23,49,72,112,27,5,53,66,336,152,54,42,136,51
RobinNa01 ,2009,Nate,Robinson,BOS,N,26,382,170,5,33,38,51,22,0,20,50,157,63,13,8,87,36
RobinNa01 ,2009,Nate,Robinson,TOT,N,56,1115,567,28,82,110,163,49,5,73,116,493,215,67,50,223,87
RodriSe01 ,2009,Sergio,Rodriguez,TOT,N,66,1048,434,24,65,89,212,50,5,114,84,351,167,93,68,91,32
RodriSe01 ,2009,Sergio,Rodriguez,NYK,N,27,531,200,9,30,39,91,21,2,55,38,161,79,31,25,49,17
RodriSe01 ,2009,Sergio,Rodriguez,SAC,N,39,517,234,15,35,50,121,29,3,59,46,190,88,62,43,42,15
RondoRa01 ,2009,Rajon,Rondo,BOS,N,81,2963,1110,100,260,360,794,189,11,246,198,904,459,282,175,80,17
SinglJa01 ,2009,James,Singleton,DAL,N,25,211,59,17,38,55,9,11,7,12,31,64,24,6,6,22,5
SinglJa01 ,2009,James,Singleton,TOT,N,57,977,254,108,168,276,31,28,43,49,113,254,97,62,53,37,7
SinglJa01 ,2009,James,Singleton,WAS,N,32,766,195,91,130,221,22,17,36,37,82,190,73,56,47,15,2
SkinnBr01 ,2009,Brian,Skinner,LAC,N,16,123,26,9,18,27,0,3,4,7,20,25,10,8,6,0,0
SmithCr01 ,2009,Craig,Smith,LAC,N,75,1232,585,97,190,287,84,33,25,88,194,397,226,208,132,5,1
SmithJa02 ,2009,Jason,Smith,PHI,N,56,658,189,54,81,135,33,21,28,35,110,174,75,42,29,29,10
SmithJo01 ,2009,Joe,Smith,ATL,N,64,592,194,66,91,157,21,6,19,22,95,193,77,48,39,7,1
SmithJo03 ,2009,Josh,Smith,ATL,N,81,2871,1269,223,482,705,342,130,173,198,240,999,504,422,261,7,0
SmithJR01 ,2009,J.R.,Smith,DEN,N,75,2076,1156,28,206,234,183,99,20,139,174,1033,428,201,142,467,158
ThomaKu01 ,2009,Kurt,Thomas,MIL,N,70,1049,210,84,207,291,47,26,46,48,159,208,99,15,12,0,0
ThomaTi01 ,2009,Tim,Thomas,DAL,N,18,285,135,13,28,41,14,10,2,14,31,106,49,24,21,43,16
ThomaTy01 ,2009,Tyrus,Thomas,CHI,N,29,678,256,42,141,183,33,40,48,52,64,205,99,90,58,1,0
ThomaTy01 ,2009,Tyrus,Thomas,CHR,N,25,542,252,39,113,152,23,23,37,40,65,215,95,85,62,2,0
ThomaTy01 ,2009,Tyrus,Thomas,TOT,N,54,1220,508,81,254,335,56,63,85,92,129,420,194,175,120,3,0
ThompJa02 ,2009,Jason,Thompson,SAC,N,75,2357,939,224,413,637,124,41,73,139,279,784,370,277,198,10,1
ThornAl01 ,2009,Al,Thornton,LAC,N,51,1405,548,85,107,192,61,25,22,66,144,460,220,139,103,14,5
ThornAl01 ,2009,Al,Thornton,TOT,N,75,2079,804,116,178,294,90,45,35,102,206,676,320,211,153,31,11
ThornAl01 ,2009,Al,Thornton,WAS,N,24,674,256,31,71,102,29,20,13,36,62,216,100,72,50,17,6
ThornMa01 ,2009,Marcus,Thornton,NOH,N,73,1872,1057,72,139,211,113,58,11,76,127,883,398,177,144,313,117
TinslJa01 ,2009,Jamaal,Tinsley,MEM,N,38,589,133,11,55,66,108,33,5,63,67,140,52,27,22,39,7
TolliAn01 ,2009,Anthony,Tolliver,POR,N,2,4,0,0,1,1,0,0,0,0,1,1,0,0,0,1,0
TolliAn01 ,2009,Anthony,Tolliver,GSW,N,44,1423,539,84,235,319,87,32,33,46,127,448,193,134,103,151,50
TolliAn01 ,2009,Anthony,Tolliver,TOT,N,46,1427,539,84,236,320,87,32,33,46,128,449,193,134,103,152,50
TuckeAl02 ,2009,Alando,Tucker,TOT,N,15,96,51,6,4,10,4,0,0,5,6,39,17,21,16,7,1
TuckeAl02 ,2009,Alando,Tucker,PHO,N,11,71,43,5,2,7,3,0,0,4,5,30,13,21,16,7,1
TuckeAl02 ,2009,Alando,Tucker,MIN,N,4,25,8,1,2,3,1,0,0,1,1,9,4,0,0,0,0
TuriaRo01 ,2009,Ronny,Turiaf,GSW,N,42,872,207,54,137,191,90,23,54,49,98,146,85,78,37,1,0
TurkoHi01 ,2009,Hedo,Turkoglu,TOR,N,74,2272,835,42,301,343,304,55,32,125,220,674,276,226,175,289,108
UdokaIm01 ,2009,Ime,Udoka,SAC,N,69,944,250,51,140,191,58,34,6,42,83,241,91,57,42,91,26
UdrihBe01 ,2009,Beno,Udrih,SAC,N,79,2477,1023,38,181,219,372,89,10,136,166,841,415,141,118,199,75
UkicRo01  ,2009,Roko,Ukic,MIL,N,13,97,40,0,3,3,12,1,0,6,6,30,14,11,9,12,3
VarejAn01 ,2009,Anderson,Varejao,CLE,N,76,2166,651,189,389,578,87,71,67,67,223,467,267,175,116,5,1
VillaCh01 ,2009,Charlie,Villanueva,DET,N,78,1848,931,85,280,365,53,48,55,74,223,827,363,130,106,282,99
VujacSa01 ,2009,Sasha,Vujacic,LAL,N,67,575,185,25,54,79,41,20,4,17,67,164,66,33,28,81,25
WadeDw01  ,2009,Dwyane,Wade,MIA,N,77,2792,2045,107,266,373,501,142,82,252,181,1511,719,702,534,243,73
WalkeBi01 ,2009,Bill,Walker,NYK,N,27,739,321,15,68,83,37,23,3,26,79,226,117,47,37,116,50
WilliSe01 ,2009,Sean,Williams,NJN,N,20,227,52,21,25,46,1,8,19,20,41,49,21,19,10,1,0
WilliSh03 ,2009,Shelden,Williams,BOS,N,54,597,201,47,99,146,21,13,21,30,85,121,63,98,75,1,0
WilliTe01 ,2009,Terrence,Williams,NJN,N,78,1764,656,46,302,348,223,43,10,124,126,651,261,144,103,100,31
WrighAn01 ,2009,Antoine,Wright,TOR,N,67,1392,435,38,152,190,71,30,11,58,134,399,162,77,53,173,58
WrighDo01 ,2009,Dorell,Wright,MIA,N,72,1496,510,50,185,235,91,52,32,53,94,419,194,69,61,157,61
WrighJu01 ,2009,Julian,Wright,NOH,N,68,871,259,58,86,144,41,29,18,44,45,232,116,41,25,6,2
YoungNi01 ,2009,Nick,Young,WAS,N,74,1421,639,20,82,102,48,28,8,56,147,558,233,130,104,170,69
YoungSa01 ,2009,Sam,Young,MEM,N,80,1321,595,77,124,201,52,34,20,94,106,497,224,175,136,56,11
YoungTh01 ,2009,Thaddeus,Young,PHI,N,67,2145,926,130,220,350,97,81,15,126,133,813,382,165,114,138,48