ilkid,year,firstname,lastname,team,leag,gp,minutes,pts,oreb,dreb,reb,asts,stl,blk,turnover,pf,fga,fgm,fta,ftm,tpa,tpm
ABDURSH01 ,2007,Shareef,Abdur-Rahim,SAC,N,6,51,10,6,4,10,4,1,0,1,9,14,3,4,4,0,0
AfflaAr01 ,2007,Arron,Afflalo,DET,N,75,976,276,36,101,137,52,31,8,34,83,241,99,87,68,48,10
AgerMa01  ,2007,Maurice,Ager,DAL,N,12,77,15,1,3,4,4,0,1,3,11,27,5,6,5,8,0
AgerMa01  ,2007,Maurice,Ager,NJN,N,14,87,36,3,6,9,4,0,0,3,6,38,16,6,1,11,3
AgerMa01  ,2007,Maurice,Ager,TOT,N,26,164,51,4,9,13,8,0,1,6,17,65,21,12,6,19,3
AhearBl01 ,2007,Blake,Ahearn,MIA,N,10,159,65,0,15,15,15,6,0,17,16,50,14,29,28,28,9
AldriLa01 ,2007,LaMarcus,Aldridge,POR,N,76,2655,1350,218,355,573,122,55,94,126,240,1161,561,298,227,7,1
ALLENMA01 ,2007,Malik,Allen,NJN,N,48,763,261,42,86,128,29,15,21,32,89,260,124,13,12,3,1
ALLENMA01 ,2007,Malik,Allen,DAL,N,25,335,77,24,44,68,15,4,10,13,60,66,33,12,11,0,0
ALLENMA01 ,2007,Malik,Allen,TOT,N,73,1098,338,66,130,196,44,19,31,45,149,326,157,25,23,3,1
ALLENRA02 ,2007,Ray,Allen,BOS,N,73,2622,1273,75,193,268,225,65,16,127,147,987,439,237,215,452,180
ALLENTO01 ,2007,Tony,Allen,BOS,N,75,1378,494,34,134,168,114,62,21,109,168,388,169,181,138,57,18
AllreLa01 ,2007,Lance,Allred,CLE,N,3,10,3,0,1,1,0,0,0,0,1,4,1,2,1,0,0
AlmonMo01 ,2007,Morris,Almond,UTA,N,9,40,13,0,2,2,3,1,0,2,5,15,4,6,4,4,1
ALSTORA01 ,2007,Rafer,Alston,HOU,N,74,2527,969,28,232,260,392,98,18,160,139,924,364,137,98,407,143
AmundLo01 ,2007,Louis,Amundson,PHI,N,16,63,18,7,5,12,0,1,1,2,13,16,8,7,2,0,0
ANDERCH01 ,2007,Chris,Andersen,NOH,N,5,34,6,2,7,9,0,0,4,1,6,7,2,4,2,0,0
ANDERDE01 ,2007,Derek,Anderson,CHR,N,28,393,141,9,43,52,44,12,1,25,49,125,47,38,28,52,19
ANTHOCA01 ,2007,Carmelo,Anthony,DEN,N,77,2804,1978,178,393,571,259,98,39,252,253,1481,728,590,464,164,58
AnthoJo01 ,2007,Joel,Anthony,MIA,N,24,497,85,38,55,93,3,9,31,17,55,60,28,49,29,0,0
ARENAGI01 ,2007,Gilbert,Arenas,WAS,N,13,424,252,6,45,51,66,23,1,49,30,197,78,96,74,78,22
ARIZATR01 ,2007,Trevor,Ariza,ORL,N,11,116,36,5,19,24,8,5,3,5,9,31,14,15,8,3,0
ARIZATR01 ,2007,Trevor,Ariza,LAL,N,24,433,156,25,59,84,36,26,8,18,36,105,55,60,41,15,5
ARIZATR01 ,2007,Trevor,Ariza,TOT,N,35,549,192,30,78,108,44,31,11,23,45,136,69,75,49,18,5
ARMSTDA01 ,2007,Darrell,Armstrong,NJN,N,50,547,123,17,51,68,73,28,2,41,54,110,40,30,20,69,23
ArmstHi01 ,2007,Hilton,Armstrong,NOH,N,65,729,178,64,98,162,23,15,34,59,130,148,67,70,44,0,0
ARROYCA01 ,2007,Carlos,Arroyo,ORL,N,62,1266,430,10,103,113,219,26,2,77,85,348,157,102,87,84,29
ARTESRO01 ,2007,Ron,Artest,SAC,N,57,2168,1166,101,226,327,199,134,38,147,159,962,435,295,212,221,84
ATKINCH01 ,2007,Chucky,Atkins,DEN,N,24,350,113,3,28,31,47,9,1,10,27,122,42,9,4,79,25
AugusJa01 ,2007,James,Augustine,ORL,N,25,149,40,16,14,30,2,5,2,6,18,34,18,8,4,0,0
AzubuKe01 ,2007,Kelenna,Azubuike,GSW,N,81,1736,692,107,217,324,75,45,34,58,159,587,261,138,99,195,71
BalkmRe01 ,2007,Renaldo,Balkman,NYK,N,65,949,224,83,133,216,40,44,30,37,132,186,91,95,41,12,1
BANKSMA01 ,2007,Marcus,Banks,PHO,N,24,308,125,3,17,20,25,8,8,16,38,109,44,16,12,65,25
BANKSMA01 ,2007,Marcus,Banks,MIA,N,13,269,114,2,26,28,37,6,5,21,30,85,42,19,15,40,15
BANKSMA01 ,2007,Marcus,Banks,TOT,N,37,577,239,5,43,48,62,14,13,37,68,194,86,35,27,105,40
BARBOLE01 ,2007,Leandrinho,Barbosa,PHO,N,82,2421,1283,40,191,231,218,75,18,117,195,1022,472,213,175,423,164
BareaJo01 ,2007,Jose,Barea,DAL,N,44,463,191,4,43,47,58,14,1,35,48,170,71,35,28,54,21
BargnAn01 ,2007,Andrea,Bargnani,TOR,N,78,1856,792,50,238,288,89,23,37,88,210,725,280,169,142,261,90
BARNEMA02 ,2007,Matt,Barnes,GSW,N,73,1407,486,94,230,324,139,48,36,85,159,441,187,79,59,181,53
BARREAN01 ,2007,Andre,Barrett,LAC,N,4,26,6,0,1,1,7,0,0,0,1,5,2,2,1,3,1
BARROEA01 ,2007,Earl,Barron,MIA,N,46,891,326,67,131,198,30,19,8,48,118,327,132,87,61,13,1
BARRYBR01 ,2007,Brent,Barry,SAS,N,31,554,221,12,43,55,54,17,3,18,43,160,77,20,19,112,48
BASSBR01  ,2007,Brandon,Bass,DAL,N,79,1554,654,120,227,347,58,22,48,82,150,493,246,197,162,3,0
BASTOMA01 ,2007,Maceo,Baston,TOR,N,15,104,41,9,17,26,3,2,4,4,20,25,17,10,7,0,0
BATTISH01 ,2007,Shane,Battier,HOU,N,80,2906,744,131,277,408,155,77,90,78,196,619,265,101,75,369,139
BelinMa01 ,2007,Marco,Belinelli,GSW,N,33,240,95,3,11,14,15,5,0,12,15,93,36,9,7,41,16
BELLCH01  ,2007,Charlie,Bell,MIL,N,68,1632,514,31,136,167,210,52,2,77,121,486,185,87,70,217,74
BELLRA01  ,2007,Raja,Bell,PHO,N,75,2647,889,47,227,274,168,54,27,65,220,752,317,91,79,438,176
BIBBYMI01 ,2007,Mike,Bibby,SAC,N,15,471,203,11,45,56,75,19,2,38,34,192,78,31,23,62,24
BIBBYMI01 ,2007,Mike,Bibby,ATL,N,32,1097,464,5,99,104,215,35,2,81,63,411,170,69,55,187,69
BIBBYMI01 ,2007,Mike,Bibby,TOT,N,47,1568,667,16,144,160,290,54,4,119,97,603,248,100,78,249,93
BIEDRAN01 ,2007,Andris,Biedrins,GSW,N,76,2077,796,254,488,742,75,56,93,85,262,541,340,187,116,0,0
BILLUCH01 ,2007,Chauncey,Billups,DET,N,78,2526,1326,42,170,212,529,101,17,160,130,878,394,437,401,342,137
BLAKEST01 ,2007,Steve,Blake,POR,N,81,2422,692,31,165,196,413,55,4,113,133,640,261,64,49,297,121
BLATCAN01 ,2007,Andray,Blatche,WAS,N,82,1678,618,164,261,425,92,53,113,112,258,536,254,154,107,13,3
BLOUNMA01 ,2007,Mark,Blount,MIA,N,69,1544,581,69,194,263,41,33,34,70,133,514,238,138,88,44,17
BOGANKE01 ,2007,Keith,Bogans,ORL,N,82,2205,711,42,224,266,104,59,10,53,164,588,241,110,81,409,148
BOGUTAN01 ,2007,Andrew,Bogut,MIL,N,78,2721,1119,244,518,762,199,65,135,172,254,909,465,322,189,7,0
BONNEMA01 ,2007,Matt,Bonner,SAS,N,68,857,326,53,139,192,32,14,17,39,111,292,121,44,38,138,46
BooneJo01 ,2007,Josh,Boone,NJN,N,70,1771,575,192,322,514,55,36,61,68,155,435,238,217,99,0,0
BOOTHCA01 ,2007,Calvin,Booth,PHI,N,31,204,24,6,32,38,8,6,18,4,35,27,9,10,6,0,0
BOOZECA01 ,2007,Carlos,Boozer,UTA,N,81,2824,1708,197,646,843,233,100,41,210,293,1296,709,393,290,1,0
BOSHCH01  ,2007,Chris,Bosh,TOR,N,67,2425,1496,174,409,583,171,63,67,153,157,1027,507,559,472,25,10
BOWENBR01 ,2007,Bruce,Bowen,SAS,N,81,2455,483,33,201,234,91,54,22,46,177,428,174,69,45,215,90
BOWENRY01 ,2007,Ryan,Bowen,NOH,N,53,659,114,55,45,100,25,32,11,15,77,100,49,29,16,1,0
BOYKIEA01 ,2007,Earl,Boykins,CHR,N,36,574,185,9,25,34,97,13,0,41,21,172,61,59,49,44,14
BRANDEL01 ,2007,Elton,Brand,LAC,N,8,274,141,21,43,64,16,3,15,17,21,115,52,47,37,0,0
BreweCo01 ,2007,Corey,Brewer,MIN,N,79,1805,459,82,211,293,111,77,24,89,189,486,182,110,88,36,7
BreweRo02 ,2007,Ronnie,Brewer,UTA,N,76,2088,914,97,121,218,134,129,19,69,110,634,354,257,195,50,11
BREZEPR01 ,2007,Primoz,Brezec,DET,N,17,98,27,7,12,19,4,2,2,5,23,13,10,14,7,0,0
BREZEPR01 ,2007,Primoz,Brezec,CHR,N,20,267,37,14,30,44,6,0,4,15,35,43,17,5,3,0,0
BREZEPR01 ,2007,Primoz,Brezec,TOR,N,13,110,48,9,9,18,1,1,2,4,25,38,17,21,14,0,0
BREZEPR01 ,2007,Primoz,Brezec,TOT,N,50,475,112,30,51,81,11,3,8,24,83,94,44,40,24,0,0
BrookAa01 ,2007,Aaron,Brooks,HOU,N,51,610,264,13,43,56,87,13,5,44,69,225,93,49,42,109,36
BrownAn01 ,2007,Andre,Brown,MEM,N,33,285,100,36,56,92,8,7,4,14,38,78,39,49,22,0,0
BROWNDE02 ,2007,Devin,Brown,CLE,N,79,1761,589,60,197,257,176,51,7,97,144,537,218,142,107,147,46
BROWNKW01 ,2007,Kwame,Brown,MEM,N,15,204,52,19,37,56,17,6,4,14,24,39,19,32,14,0,0
BROWNKW01 ,2007,Kwame,Brown,LAL,N,23,511,132,31,101,132,28,16,18,37,58,103,53,64,26,0,0
BROWNKW01 ,2007,Kwame,Brown,TOT,N,38,715,184,50,138,188,45,22,22,51,82,142,72,96,40,0,0
BROWNPJ01 ,2007,P.J.,Brown,BOS,N,18,208,39,29,39,68,10,5,8,10,29,41,14,16,11,1,0
BrownSh01 ,2007,Shannon,Brown,CHI,N,6,22,9,1,1,2,0,1,2,5,2,15,3,6,3,1,0
BrownSh01 ,2007,Shannon,Brown,CLE,N,13,196,96,5,12,17,14,10,1,18,24,100,38,21,12,25,8
BrownSh01 ,2007,Shannon,Brown,TOT,N,19,218,105,6,13,19,14,11,3,23,26,115,41,27,15,26,8
BRYANKO01 ,2007,Kobe,Bryant,LAL,N,82,3193,2323,94,422,516,442,151,40,257,227,1690,775,742,623,415,150
BUCKNGR01 ,2007,Greg,Buckner,MIN,N,31,519,124,10,55,65,39,21,2,29,63,117,45,22,19,50,15
BUTLECA01 ,2007,Caron,Butler,WAS,N,58,2317,1180,93,294,387,283,128,21,150,160,943,439,262,236,185,66
BUTLERA01 ,2007,Rasual,Butler,NOH,N,51,878,252,16,84,100,36,15,21,10,67,260,91,31,26,133,44
BYNUMAN01 ,2007,Andrew,Bynum,LAL,N,35,1009,460,105,251,356,61,12,72,52,98,297,189,118,82,0,0
CALDEJO01 ,2007,Jose,Calderon,TOR,N,82,2488,922,34,202,236,677,87,5,126,134,707,367,120,109,184,79
CAMBYMA01 ,2007,Marcus,Camby,DEN,N,79,2761,723,230,807,1037,259,84,286,118,216,636,287,202,143,20,6
CARDIBR01 ,2007,Brian,Cardinal,MEM,N,37,440,124,26,70,96,22,10,2,23,62,126,43,19,13,81,25
CarneRo01 ,2007,Rodney,Carney,PHI,N,70,1040,409,50,100,150,32,39,22,34,96,392,158,81,55,120,38
CARROMA01 ,2007,Matt,Carroll,CHR,N,80,2008,720,33,193,226,74,46,19,59,187,589,252,138,111,241,105
CARTEAN01 ,2007,Anthony,Carter,DEN,N,70,1960,543,27,173,200,388,108,28,124,172,475,217,85,64,129,45
CARTEVI01 ,2007,Vince,Carter,NJN,N,76,2962,1622,112,343,455,389,93,33,181,241,1287,587,429,350,273,98
CASSESA01 ,2007,Sam,Cassell,LAC,N,38,977,486,12,93,105,179,28,3,79,69,402,183,119,106,54,14
CASSESA01 ,2007,Sam,Cassell,BOS,N,17,296,130,5,26,31,35,9,3,19,29,130,50,25,21,22,9
CASSESA01 ,2007,Sam,Cassell,TOT,N,55,1273,616,17,119,136,214,37,6,98,98,532,233,144,127,76,23
CHANDTY01 ,2007,Tyson,Chandler,NOH,N,79,2785,929,322,606,928,81,45,84,136,244,605,377,295,175,1,0
ChandWi01 ,2007,Wilson,Chandler,NYK,N,35,687,255,38,89,127,33,15,16,27,84,242,106,54,34,30,9
CHILDJO01 ,2007,Josh,Childress,ATL,N,75,2275,898,174,199,373,117,71,43,98,129,573,327,275,222,60,22
COLLIJA03 ,2007,Jason,Collins,MEM,N,31,488,80,29,60,89,6,12,17,25,84,59,30,38,20,1,0
COLLIJA03 ,2007,Jason,Collins,NJN,N,43,685,60,35,54,89,19,11,8,23,110,54,23,36,14,0,0
COLLIJA03 ,2007,Jason,Collins,TOT,N,74,1173,140,64,114,178,25,23,25,48,194,113,53,74,34,1,0
COLLIJA04 ,2007,Jarron,Collins,UTA,N,70,701,120,40,76,116,37,10,6,22,106,83,37,74,46,1,0
ColliMa01 ,2007,Mardy,Collins,NYK,N,46,635,145,19,56,75,89,24,8,56,56,175,57,38,23,32,8
COLLINI01 ,2007,Nick,Collison,SEA,N,78,2223,767,254,476,730,113,47,59,118,250,642,322,167,123,3,0
ConleMi01 ,2007,Mike,Conley, Jr.,MEM,N,53,1381,498,21,118,139,222,44,2,89,85,442,189,123,90,91,30
COOKBR01  ,2007,Brian,Cook,LAL,N,6,69,14,4,6,10,3,2,0,4,6,21,4,4,4,10,2
COOKBR01  ,2007,Brian,Cook,ORL,N,45,560,224,24,75,99,24,11,12,35,87,213,84,17,15,105,41
COOKBR01  ,2007,Brian,Cook,TOT,N,51,629,238,28,81,109,27,13,12,39,93,234,88,21,19,115,43
CookDa02  ,2007,Daequan,Cook,MIA,N,59,1444,518,20,158,178,74,23,9,62,153,514,196,57,47,238,79
CRAWFJA01 ,2007,Jamal,Crawford,NYK,N,80,3193,1645,37,170,207,398,81,17,192,144,1391,570,381,329,494,176
CrittJa01 ,2007,Javaris,Crittenton,MEM,N,28,506,206,20,69,89,32,12,2,33,35,180,72,76,53,34,9
CrittJa01 ,2007,Javaris,Crittenton,LAL,N,22,172,72,7,14,21,19,7,0,22,11,53,26,28,19,3,1
CrittJa01 ,2007,Javaris,Crittenton,TOT,N,50,678,278,27,83,110,51,19,2,55,46,233,98,104,72,37,10
CROSHAU01 ,2007,Austin,Croshere,GSW,N,44,457,173,33,71,104,30,8,6,22,60,137,61,32,29,61,22
CURRYED01 ,2007,Eddy,Curry,NYK,N,59,1531,781,111,164,275,32,14,29,126,157,544,297,300,187,0,0
DALEMSA01 ,2007,Samuel,Dalembert,PHI,N,82,2726,864,304,549,853,45,40,191,155,269,661,339,263,186,1,0
DAMPIER01 ,2007,Erick,Dampier,DAL,N,72,1756,440,207,332,539,63,24,106,80,226,277,178,146,84,0,0
DANIEAN01 ,2007,Antonio,Daniels,WAS,N,71,2160,600,23,180,203,340,69,2,92,78,448,206,219,170,75,18
DANIEMA01 ,2007,Marquis,Daniels,IND,N,74,1543,606,66,147,213,137,79,18,112,121,560,241,139,97,102,27
DavidJe01 ,2007,Jermareo,Davidson,CHR,N,38,324,120,21,41,62,13,7,15,17,46,126,51,28,18,0,0
DAVISBA01 ,2007,Baron,Davis,GSW,N,82,3197,1791,96,289,385,624,191,43,232,247,1526,650,424,318,525,173
DavisGl01 ,2007,Glen,Davis,BOS,N,69,942,313,95,113,208,28,31,20,65,160,221,107,150,99,0,0
DavisPa01 ,2007,Paul,Davis,LAC,N,22,196,54,25,22,47,10,6,6,9,33,65,24,10,6,0,0
DAVISRI01 ,2007,Ricky,Davis,MIA,N,82,2960,1130,55,298,353,276,87,14,191,187,972,420,197,155,334,135
DELFICA01 ,2007,Carlos,Delfino,TOR,N,82,1929,738,66,293,359,145,69,11,75,177,632,251,156,116,314,120
DENGLU01  ,2007,Luol,Deng,CHI,N,63,2126,1068,135,258,393,155,57,29,120,117,894,428,265,204,22,8
DiawaYa01 ,2007,Yakhouba,Diawara,DEN,N,54,541,153,23,39,62,37,8,3,16,61,134,55,31,22,66,21
DIAWBO01  ,2007,Boris,Diaw,PHO,N,82,2309,723,97,281,378,317,61,39,155,166,645,307,129,96,41,13
DiazGu01  ,2007,Guillermo,Diaz,LAC,N,6,17,5,2,0,2,1,0,0,0,0,4,1,5,3,1,0
DICKADA01 ,2007,Dan,Dickau,LAC,N,67,1039,352,13,84,97,172,32,4,54,108,296,124,82,68,108,36
DICKEKA01 ,2007,Kaniel,Dickens,CLE,N,5,11,2,0,1,1,1,0,1,0,1,3,1,0,0,0,0
DIENETR01 ,2007,Travis,Diener,IND,N,66,1352,456,26,90,116,251,35,4,55,107,430,159,71,64,233,74
DIOGUIK01 ,2007,Ike,Diogu,IND,N,30,308,168,38,48,86,10,7,3,20,43,134,64,47,40,0,0
DIOPDE01  ,2007,DeSagana,Diop,DAL,N,52,897,158,110,160,270,26,20,63,42,100,115,67,40,24,0,0
DIOPDE01  ,2007,DeSagana,Diop,NJN,N,27,403,68,49,73,122,14,6,25,16,46,65,27,30,14,0,0
DIOPDE01  ,2007,DeSagana,Diop,TOT,N,79,1300,226,159,233,392,40,26,88,58,146,180,94,70,38,0,0
DIXONJU01 ,2007,Juan,Dixon,TOT,N,53,670,263,15,60,75,97,21,2,54,62,258,106,26,21,72,30
DIXONJU01 ,2007,Juan,Dixon,DET,N,17,245,110,6,22,28,32,0,0,19,24,98,47,7,3,33,13
DIXONJU01 ,2007,Juan,Dixon,TOR,N,36,425,153,9,38,47,65,21,2,35,38,160,59,19,18,39,17
DOLEAMI01 ,2007,Michael,Doleac,MIN,N,24,256,57,16,34,50,7,10,10,12,44,63,28,2,1,0,0
DOOLIKE01 ,2007,Keyon,Dooling,ORL,N,72,1333,581,7,94,101,133,36,5,61,131,423,198,193,163,65,22
DoubyQu01 ,2007,Quincy,Douby,SAC,N,74,878,356,17,66,83,53,31,12,59,80,336,133,52,48,122,42
DudleJa01 ,2007,Jared,Dudley,CHR,N,73,1390,424,121,166,287,81,55,11,50,129,348,164,118,87,41,9
DUHONCH01 ,2007,Chris,Duhon,CHI,N,66,1492,385,20,97,117,262,47,2,70,92,344,133,80,65,155,54
DUNCATI01 ,2007,Tim,Duncan,SAS,N,78,2653,1508,237,644,881,218,56,151,178,185,1178,585,463,338,4,0
DUNLEMI02 ,2007,Mike,Dunleavy Jr.,IND,N,82,2955,1565,59,365,424,288,86,30,190,208,1118,532,403,336,389,165
DUPRERO01 ,2007,Ronald,Dupree,SEA,N,4,17,4,1,7,8,1,1,0,0,0,3,1,2,2,0,0
DUPRERO01 ,2007,Ronald,Dupree,DET,N,1,3,0,0,0,0,0,0,0,0,0,0,0,0,0,0,0
DUPRERO01 ,2007,Ronald,Dupree,TOT,N,5,20,4,1,7,8,1,1,0,0,0,3,1,2,2,0,0
DuranKe01 ,2007,Kevin,Durant,SEA,N,80,2769,1626,70,278,348,192,77,76,232,122,1367,588,449,391,205,59
ELLISMO01 ,2007,Monta,Ellis,GSW,N,81,3074,1636,134,272,406,315,123,27,173,195,1228,652,417,320,52,12
ELSONFR01 ,2007,Francisco,Elson,SEA,N,22,281,66,17,48,65,8,6,6,17,34,89,30,13,6,1,0
ELSONFR01 ,2007,Francisco,Elson,SAS,N,41,535,144,33,102,135,16,9,14,30,62,148,62,24,20,0,0
ELSONFR01 ,2007,Francisco,Elson,TOT,N,63,816,210,50,150,200,24,15,20,47,96,237,92,37,26,1,0
ELYME01   ,2007,Melvin,Ely,NOH,N,52,622,202,28,117,145,22,7,18,42,79,180,85,58,32,0,0
EVANSMA01 ,2007,Maurice,Evans,LAL,N,7,95,31,4,5,9,12,5,1,0,10,28,9,15,12,7,1
EVANSMA01 ,2007,Maurice,Evans,ORL,N,68,1626,633,88,121,209,69,42,9,39,132,517,253,68,47,202,80
EVANSMA01 ,2007,Maurice,Evans,TOT,N,75,1721,664,92,126,218,81,47,10,39,142,545,262,83,59,209,81
EVANSRE01 ,2007,Reggie,Evans,PHI,N,81,1879,425,224,389,613,65,86,9,109,213,346,152,257,120,1,1
FarmaJo01 ,2007,Jordan,Farmar,LAL,N,82,1691,749,39,144,183,234,77,5,108,105,631,291,78,53,307,114
FazekNi01 ,2007,Nick,Fazekas,DAL,N,4,9,4,1,2,3,0,0,0,0,0,5,2,0,0,0,0
FazekNi01 ,2007,Nick,Fazekas,LAC,N,22,260,103,33,53,86,11,8,11,13,25,77,44,22,15,2,0
FazekNi01 ,2007,Nick,Fazekas,TOT,N,26,269,107,34,55,89,11,8,11,13,25,82,46,22,15,2,0
FELTORA01 ,2007,Raymond,Felton,CHR,N,79,2976,1140,37,199,236,583,95,12,214,184,996,412,324,260,200,56
FesenKy01 ,2007,Kyrylo,Fesenko,UTA,N,9,70,14,14,11,25,2,0,3,8,19,16,6,4,2,0,0
FINLEMI01 ,2007,Michael,Finley,SAS,N,82,2211,826,27,227,254,114,29,10,56,93,761,315,80,64,357,132
FISHEDE01 ,2007,Derek,Fisher,LAL,N,82,2249,956,24,146,170,239,86,3,90,188,777,339,188,166,276,112
FORDTJ01  ,2007,T.J.,Ford,TOR,N,51,1201,617,23,76,99,313,54,1,102,93,524,246,125,110,51,15
FOSTEJE01 ,2007,Jeff,Foster,IND,N,77,1886,496,264,406,670,129,56,32,62,221,373,205,145,86,3,0
FoyeRa01  ,2007,Randy,Foye,MIN,N,39,1259,510,13,115,128,164,36,3,79,102,462,198,65,53,148,61
FOYLEAD01 ,2007,Adonal,Foyle,ORL,N,82,775,156,71,137,208,18,16,45,32,94,153,70,34,16,0,0
FRAHMRI01 ,2007,Richie,Frahm,LAC,N,10,163,47,4,10,14,8,2,0,6,7,54,20,2,0,25,7
FRANCST01 ,2007,Steve,Francis,HOU,N,10,200,55,8,15,23,30,9,5,14,25,57,19,23,13,17,4
FRYECH01  ,2007,Channing,Frye,POR,N,78,1345,530,107,246,353,56,29,27,54,208,452,221,109,85,9,3
GADZUDA01 ,2007,Dan,Gadzuric,MIL,N,51,533,163,67,77,144,11,21,24,34,83,155,65,63,33,1,0
GarbaJo01 ,2007,Jorge,Garbajosa,TOR,N,7,75,22,2,13,15,3,3,0,1,2,25,8,0,0,16,6
GARCIFR01 ,2007,Francisco,Garcia,SAC,N,79,2097,971,52,212,264,128,94,50,128,232,752,348,208,162,288,113
GardnTh01 ,2007,Thomas,Gardner,CHI,N,4,46,21,3,1,4,1,0,0,4,4,23,9,2,0,12,3
GARNEKE01 ,2007,Kevin,Garnett,BOS,N,71,2331,1337,135,520,655,244,100,92,137,163,990,534,336,269,11,0
GARRIPA01 ,2007,Pat,Garrity,ORL,N,31,284,66,9,35,44,13,6,1,17,35,80,27,5,4,37,8
GASOLPA01 ,2007,Pau,Gasol,MEM,N,39,1434,738,94,248,342,116,16,56,80,85,557,279,215,176,15,4
GASOLPA01 ,2007,Pau,Gasol,LAL,N,27,915,508,61,150,211,95,14,42,44,54,333,196,147,116,1,0
GASOLPA01 ,2007,Pau,Gasol,TOT,N,66,2349,1246,155,398,553,211,30,98,124,139,890,475,362,292,16,4
GayRu01   ,2007,Rudy,Gay,MEM,N,81,3000,1632,139,359,498,158,111,79,190,230,1355,625,316,248,387,134
GelabMi01 ,2007,Mickael,Gelabale,SEA,N,39,466,168,16,42,58,33,10,9,27,31,157,69,18,14,37,16
GEORGDE01 ,2007,Devean,George,DAL,N,53,822,194,28,109,137,35,19,13,24,90,207,74,34,24,68,22
GibsoDa01 ,2007,Daniel,Gibson,CLE,N,58,1768,605,30,104,134,145,47,14,76,163,465,201,105,85,268,118
GILLED01  ,2007,Eddie,Gill,NJN,N,13,149,38,1,21,22,21,7,2,8,18,29,12,9,9,14,5
GILLED01  ,2007,Eddie,Gill,SEA,N,1,5,0,0,0,0,1,0,0,1,0,2,0,0,0,1,0
GILLED01  ,2007,Eddie,Gill,TOT,N,14,154,38,1,21,22,22,7,2,9,18,31,12,9,9,15,5
GINOBEM01 ,2007,Emmanuel,Ginobili,SAS,N,74,2299,1442,63,291,354,332,109,33,200,173,983,453,442,380,388,156
GIRICGO01 ,2007,Gordan,Giricek,PHI,N,12,110,37,1,13,14,11,3,1,8,9,40,13,8,6,15,5
GIRICGO01 ,2007,Gordan,Giricek,UTA,N,22,278,95,6,25,31,16,13,1,21,24,102,41,1,1,34,12
GIRICGO01 ,2007,Gordan,Giricek,PHO,N,22,442,193,9,42,51,35,8,2,23,49,159,79,17,16,50,19
GIRICGO01 ,2007,Gordan,Giricek,TOT,N,56,830,325,16,80,96,62,24,4,52,82,301,133,26,23,99,36
GOMESRY01 ,2007,Ryan,Gomes,MIN,N,82,2432,1033,133,344,477,145,65,10,96,153,857,392,229,190,179,59
GOODEDR01 ,2007,Drew,Gooden,CLE,N,51,1565,574,118,306,424,50,35,30,91,144,524,232,151,110,3,0
GOODEDR01 ,2007,Drew,Gooden,CHI,N,18,558,252,58,109,167,31,13,23,31,59,218,100,64,52,3,0
GOODEDR01 ,2007,Drew,Gooden,TOT,N,69,2123,826,176,415,591,81,48,53,122,203,742,332,215,162,6,0
GORDOBE01 ,2007,Ben,Gordon,CHI,N,72,2291,1336,41,181,222,213,56,8,151,171,1070,464,293,266,347,142
GortaMa01 ,2007,Marcin,Gortat,ORL,N,6,40,18,8,8,16,2,1,1,2,4,17,8,3,2,0,0
GRAHAJO01 ,2007,Joey,Graham,TOR,N,38,331,138,18,49,67,15,3,0,23,47,113,49,45,38,3,2
GRAHAST01 ,2007,Stephen,Graham,IND,N,24,169,105,6,28,34,12,4,6,12,16,74,40,21,17,16,8
GRANGDA01 ,2007,Danny,Granger,IND,N,79,2836,1552,91,385,476,163,95,79,169,288,1191,532,373,317,422,171
GrayAa01  ,2007,Aaron,Gray,CHI,N,61,611,262,70,98,168,41,21,16,57,117,204,103,99,56,1,0
GREENGE01 ,2007,Gerald,Green,HOU,N,1,4,6,2,0,2,0,0,0,0,2,3,3,0,0,0,0
GREENGE01 ,2007,Gerald,Green,MIN,N,29,355,147,11,52,63,29,8,4,32,43,148,49,41,34,39,15
GREENGE01 ,2007,Gerald,Green,TOT,N,30,359,153,13,52,65,29,8,4,32,45,151,52,41,34,39,15
GreenJe02 ,2007,Jeff,Green,SEA,N,80,2246,840,100,278,378,119,46,47,158,198,748,321,238,177,76,21
GREENOR01 ,2007,Orien,Greene,SAC,N,7,62,6,0,6,6,3,3,1,7,9,11,3,0,0,1,0
GreenTa01 ,2007,Taurean,Green,POR,N,8,44,17,0,4,4,8,1,0,7,3,16,4,8,8,8,1
GreenTa01 ,2007,Taurean,Green,DEN,N,9,29,10,0,6,6,3,1,0,2,2,9,3,4,3,3,1
GreenTa01 ,2007,Taurean,Green,TOT,N,17,73,27,0,10,10,11,2,0,9,5,25,7,12,11,11,2
GREENWI01 ,2007,Willie,Green,PHI,N,74,1968,921,32,151,183,151,54,22,109,119,870,379,148,112,179,51
GRIFFAD01 ,2007,Adrian,Griffin,SEA,N,13,85,14,9,13,22,5,5,1,5,8,16,6,2,2,0,0
GRIFFAD01 ,2007,Adrian,Griffin,CHI,N,22,220,51,19,18,37,22,12,1,16,19,60,24,7,3,0,0
GRIFFAD01 ,2007,Adrian,Griffin,TOT,N,35,305,65,28,31,59,27,17,2,21,27,76,30,9,5,0,0
HAMILRI01 ,2007,Richard,Hamilton,DET,N,72,2421,1244,75,160,235,299,73,10,132,171,1030,499,221,184,141,62
HARDAAN01 ,2007,Anfernee,Hardaway,MIA,N,16,326,60,3,32,35,35,19,1,13,24,60,22,9,8,19,8
HARPRMA01 ,2007,Matt,Harpring,UTA,N,76,1375,622,96,144,240,82,45,14,95,162,474,237,205,146,10,2
HARRIAL01 ,2007,Al,Harrington,GSW,N,81,2188,1102,107,332,439,133,74,16,90,266,923,401,190,147,407,153
HARRIDA01 ,2007,David,Harrison,IND,N,55,707,229,43,75,118,14,20,59,58,164,169,90,96,49,0,0
HARRIDE01 ,2007,Devin,Harris,NJN,N,25,839,386,11,71,82,163,34,8,68,63,306,134,105,87,97,31
HARRIDE01 ,2007,Devin,Harris,DAL,N,39,1186,560,17,74,91,205,56,2,93,127,387,187,196,161,70,25
HARRIDE01 ,2007,Devin,Harris,TOT,N,64,2025,946,28,145,173,368,90,10,161,190,693,321,301,248,167,56
HarriMi01 ,2007,Mike,Harris,HOU,N,17,158,62,24,30,54,3,6,3,9,15,54,27,13,8,2,0
HARRIOT01 ,2007,Othella,Harrington,CHR,N,22,166,46,11,31,42,4,1,4,11,34,42,18,16,10,0,0
HARTJA01  ,2007,Jason,Hart,UTA,N,57,604,165,5,50,55,86,30,3,28,74,180,58,45,38,31,11
HASLEUD01 ,2007,Udonis,Haslem,MIA,N,49,1806,589,107,336,443,68,39,18,67,145,507,237,142,115,0,0
HASSETR01 ,2007,Trenton,Hassell,DAL,N,37,466,76,11,33,44,26,9,1,14,55,80,37,2,1,4,1
HASSETR01 ,2007,Trenton,Hassell,NJN,N,26,311,47,9,30,39,15,4,2,8,35,56,20,8,6,5,1
HASSETR01 ,2007,Trenton,Hassell,TOT,N,63,777,123,20,63,83,41,13,3,22,90,136,57,10,7,9,2
HawesSp01 ,2007,Spencer,Hawes,SAC,N,71,930,334,68,161,229,44,14,40,56,128,318,146,58,38,21,4
HAYESCH01 ,2007,Chuck,Hayes,HOU,N,79,1577,237,132,297,429,91,85,43,62,212,221,113,24,11,3,0
HAYESJA01 ,2007,Jarvis,Hayes,DET,N,82,1285,550,35,143,178,62,46,6,48,137,502,216,60,45,193,73
HAYWOBR01 ,2007,Brendan,Haywood,WAS,N,80,2226,848,273,307,580,71,31,133,108,216,599,316,294,216,0,0
HEADLU01  ,2007,Luther,Head,HOU,N,73,1379,557,18,117,135,138,44,9,70,75,476,206,81,66,225,79
HerrmWa01 ,2007,Walter,Herrmann,CHR,N,17,176,68,10,26,36,4,4,0,4,12,65,25,10,9,26,9
HerrmWa01 ,2007,Walter,Herrmann,DET,N,28,200,85,12,25,37,14,3,1,8,12,79,31,15,12,38,11
HerrmWa01 ,2007,Walter,Herrmann,TOT,N,45,376,153,22,51,73,18,7,1,12,24,144,56,25,21,64,20
HILARMA01 ,2007,Nene,Hilario,DEN,N,16,266,85,30,57,87,15,9,15,21,46,71,29,49,27,1,0
HILLGR01  ,2007,Grant,Hill,PHO,N,70,2224,921,74,279,353,203,65,56,96,153,713,359,196,170,104,33
HINRIKI01 ,2007,Kirk,Hinrich,CHI,N,75,2381,863,28,216,244,453,87,18,157,224,797,330,144,119,240,84
HolliRy01 ,2007,Ryan,Hollins,CHR,N,60,533,145,52,54,106,14,10,30,25,96,93,45,82,55,0,0
HorfoAl01 ,2007,Al,Horford,ATL,N,81,2538,821,248,537,785,124,60,76,137,267,668,333,212,155,5,0
HORRYRO01 ,2007,Robert,Horry,SAS,N,45,579,112,35,74,109,47,21,19,22,55,119,38,28,18,70,18
HOUSEED01 ,2007,Eddie,House,BOS,N,78,1481,584,19,148,167,152,58,10,78,114,530,217,36,33,298,117
HOWARDW01 ,2007,Dwight,Howard,ORL,N,82,3088,1695,279,882,1161,110,74,176,263,274,974,583,897,529,4,0
HOWARJO01 ,2007,Josh,Howard,DAL,N,77,2704,1491,117,405,522,163,58,31,112,204,1225,558,378,309,203,66
HOWARJU01 ,2007,Juwan,Howard,DAL,N,49,402,79,24,67,91,17,6,3,19,61,86,32,20,14,6,1
HUDSOTR01 ,2007,Troy,Hudson,GSW,N,9,94,28,0,7,7,10,4,0,7,4,32,9,6,6,12,4
HUGHELA01 ,2007,Larry,Hughes,CLE,N,40,1210,491,27,116,143,93,60,11,72,91,477,180,108,88,126,43
HUGHELA01 ,2007,Larry,Hughes,CHI,N,28,811,336,12,75,87,87,39,6,44,48,323,125,80,62,68,24
HUGHELA01 ,2007,Larry,Hughes,TOT,N,68,2021,827,39,191,230,180,99,17,116,139,800,305,188,150,194,67
HUMPHKR01 ,2007,Kris,Humphries,TOR,N,70,928,397,89,170,259,28,25,29,47,107,332,161,124,75,2,0
HUNTELI01 ,2007,Lindsey,Hunter,DET,N,24,216,58,4,9,13,33,14,2,13,30,64,22,9,7,26,7
HUNTEST01 ,2007,Steven,Hunter,DEN,N,18,118,39,10,19,29,0,0,6,7,20,28,15,20,9,0,0
IGUODAN01 ,2007,Andre,Iguodala,PHI,N,82,3244,1630,85,361,446,390,171,49,214,187,1277,582,506,365,307,101
ILGAUZY01 ,2007,Zydrunas,Ilgauskas,CLE,N,73,2226,1029,262,421,683,104,34,120,135,243,878,417,243,195,1,0
IVERSAL01 ,2007,Allen,Iverson,DEN,N,82,3428,2164,47,196,243,586,160,12,246,109,1556,712,797,645,275,95
IVEYRO01  ,2007,Royal,Ivey,MIL,N,75,1435,418,38,80,118,160,45,7,76,166,377,149,117,85,107,35
JACKJA01  ,2007,Jarrett,Jack,POR,N,82,2234,814,31,203,234,311,61,1,178,128,621,267,248,215,191,65
JACKSBO01 ,2007,Bobby,Jackson,NOH,N,46,889,325,23,87,110,76,32,3,31,59,296,116,49,40,144,53
JACKSBO01 ,2007,Bobby,Jackson,HOU,N,26,495,228,10,61,71,63,13,2,28,37,210,88,32,24,82,28
JACKSBO01 ,2007,Bobby,Jackson,TOT,N,72,1384,553,33,148,181,139,45,5,59,96,506,204,81,64,226,81
JACKSLU02 ,2007,Luke,Jackson,MIA,N,14,227,79,7,26,33,17,8,0,9,22,80,26,23,16,30,11
JACKSST02 ,2007,Stephen,Jackson,GSW,N,73,2857,1466,67,251,318,299,92,29,197,171,1204,488,370,308,502,182
JACOBCA01 ,2007,Casey,Jacobsen,MEM,N,53,550,107,12,53,65,20,5,1,16,34,115,39,17,13,72,16
JAMESJE01 ,2007,Jerome,James,NYK,N,2,5,4,0,3,3,0,0,0,0,0,1,1,2,2,0,0
JAMESLE01 ,2007,LeBron,James,CLE,N,75,3027,2250,133,459,592,539,138,81,255,165,1642,794,771,549,359,113
JAMESMI01 ,2007,Mike,James,HOU,N,33,538,215,11,41,52,54,17,2,29,44,227,79,42,33,74,24
JAMESMI01 ,2007,Mike,James,NOH,N,21,182,57,3,14,17,6,4,0,7,12,64,22,6,6,23,7
JAMESMI01 ,2007,Mike,James,TOT,N,54,720,272,14,55,69,60,21,2,36,56,291,101,48,39,97,31
JAMISAN01 ,2007,Antawn,Jamison,WAS,N,79,3064,1689,215,591,806,120,106,34,113,195,1416,618,438,333,354,120
JARICMA01 ,2007,Marko,Jaric,MIN,N,75,2190,621,38,185,223,311,97,32,128,180,528,227,163,121,127,46
JEFFEAL01 ,2007,Al,Jefferson,MIN,N,82,2916,1726,308,607,915,117,74,119,167,222,1441,721,394,284,5,0
JEFFERI01 ,2007,Richard,Jefferson,NJN,N,82,3199,1857,94,253,347,252,76,21,199,225,1327,619,679,542,213,77
JEFFRJA01 ,2007,Jared,Jeffries,NYK,N,72,1308,269,118,124,242,65,36,23,63,130,270,108,93,49,25,4
JianlYi01 ,2007,Yi,Jianlian,MIL,N,66,1650,566,106,238,344,55,36,56,90,153,520,219,145,122,21,6
JohnsAl01 ,2007,Alexander,Johnson,MIA,N,44,555,184,32,63,95,16,13,10,42,81,129,62,85,59,3,1
JOHNSAM01 ,2007,Amir,Johnson,DET,N,62,769,221,86,146,232,31,24,81,37,138,165,92,55,37,0,0
JOHNSAN02 ,2007,Anthony,Johnson,SAC,N,27,408,104,5,33,38,60,10,1,34,29,88,40,11,9,30,15
JOHNSAN02 ,2007,Anthony,Johnson,ATL,N,42,1122,285,17,81,98,202,42,8,50,86,268,116,32,26,62,27
JOHNSAN02 ,2007,Anthony,Johnson,TOT,N,69,1530,389,22,114,136,262,52,9,84,115,356,156,43,35,92,42
JOHNSDE03 ,2007,DerMarr,Johnson,SAS,N,5,27,17,0,1,1,1,1,0,0,4,14,7,2,0,9,3
JOHNSJO02 ,2007,Joe,Johnson,ATL,N,82,3342,1780,83,282,365,474,84,18,223,168,1496,647,381,317,443,169
JOHNSLI01 ,2007,Linton,Johnson,PHO,N,6,54,15,5,8,13,3,0,1,2,10,14,7,0,0,2,1
JOHNSLI01 ,2007,Linton,Johnson,TOR,N,2,10,6,0,1,1,1,0,0,3,1,5,2,2,2,1,0
JOHNSLI01 ,2007,Linton,Johnson,TOT,N,8,64,21,5,9,14,4,0,1,5,11,19,9,2,2,3,1
JonesBo02 ,2007,Bobby,Jones,TOT,N,46,529,178,29,63,92,28,15,3,28,85,140,60,51,40,53,18
JonesBo02 ,2007,Bobby,Jones,HOU,N,4,8,4,0,1,1,0,1,0,1,3,4,2,0,0,0,0
JonesBo02 ,2007,Bobby,Jones,SAS,N,3,19,2,0,2,2,1,2,0,1,1,4,1,0,0,2,0
JonesBo02 ,2007,Bobby,Jones,MEM,N,9,138,40,10,17,27,11,5,2,5,17,36,14,10,9,13,3
JonesBo02 ,2007,Bobby,Jones,MIA,N,6,143,48,8,16,24,5,2,0,7,18,32,17,13,8,15,6
JonesBo02 ,2007,Bobby,Jones,DEN,N,24,221,84,11,27,38,11,5,1,14,46,64,26,28,23,23,9
JONESDA01 ,2007,Damon,Jones,CLE,N,66,1292,410,8,70,78,116,19,3,37,68,341,144,24,16,258,106
JONESDA02 ,2007,Dahntay,Jones,SAC,N,25,208,81,7,28,35,12,8,6,10,28,53,23,51,34,6,1
JONESDW02 ,2007,Dwayne,Jones,CLE,N,56,506,96,66,66,132,19,10,23,16,85,60,29,62,32,13,6
JONESED01 ,2007,Eddie,Jones,DAL,N,47,925,176,18,114,132,69,26,8,29,71,180,66,14,10,116,34
JONESFR01 ,2007,Freddie,Jones,NYK,N,70,1762,532,30,140,170,166,48,18,78,140,432,182,126,94,192,74
JONESJA02 ,2007,James,Jones,POR,N,58,1274,463,43,118,161,34,24,15,28,96,327,143,98,86,205,91
JonesSo01 ,2007,Solomon,Jones,ATL,N,35,148,35,19,23,42,0,3,5,11,28,30,12,20,11,2,0
KAMANCH01 ,2007,Chris,Kaman,LAC,N,56,2081,878,173,536,709,107,33,155,164,179,700,338,265,202,4,0
KAPONJA01 ,2007,Jason,Kapono,TOR,N,81,1533,580,30,89,119,65,34,2,58,132,497,243,43,37,118,57
KarlCo01  ,2007,Coby,Karl,LAL,N,17,69,30,3,11,14,9,4,2,5,4,26,9,10,8,13,4
KHRYAVI01 ,2007,Viktor,Khryapa,CHI,N,9,105,32,6,14,20,8,6,0,6,11,31,12,14,8,1,0
KIDDJA01  ,2007,Jason,Kidd,NJN,N,51,1899,577,59,355,414,530,74,15,184,90,549,201,111,91,236,84
KIDDJA01  ,2007,Jason,Kidd,DAL,N,29,1012,287,36,152,188,276,62,11,81,75,244,104,54,44,76,35
KIDDJA01  ,2007,Jason,Kidd,TOT,N,80,2911,864,95,507,602,806,136,26,265,165,793,305,165,135,312,119
KinseTa01 ,2007,Tarence,Kinsey,MEM,N,11,95,40,3,9,12,2,3,0,3,11,38,16,6,5,7,3
KIRILAN01 ,2007,Andrei,Kirilenko,UTA,N,72,2215,792,121,219,340,285,86,111,140,165,544,275,257,198,116,44
KLEIZLI01 ,2007,Linas,Kleiza,DEN,N,79,1891,878,91,239,330,95,42,19,87,179,659,311,211,162,277,94
KNIGHBR01 ,2007,Brevin,Knight,LAC,N,74,1673,338,15,127,142,328,100,11,71,161,342,138,71,62,6,0
KORVEKY01 ,2007,Kyle,Korver,UTA,N,50,1075,491,9,90,99,68,22,23,47,125,348,165,96,88,188,73
KORVEKY01 ,2007,Kyle,Korver,PHI,N,25,659,249,12,61,73,33,20,6,28,67,227,90,34,31,108,38
KORVEKY01 ,2007,Kyle,Korver,TOT,N,75,1734,740,21,151,172,101,42,29,75,192,575,255,130,119,296,111
KRSTINE01 ,2007,Nenad,Krstic,NJN,N,45,812,298,35,166,201,27,9,17,41,111,300,123,69,52,2,0
LAFRERA01 ,2007,Raef,LaFrentz,POR,N,39,289,65,28,39,67,6,12,17,10,59,61,27,19,11,4,0
LandrCa01 ,2007,Carl,Landry,HOU,N,42,709,342,96,117,213,21,17,7,26,98,219,135,109,72,1,0
LangfKe01 ,2007,Keith,Langford,SAS,N,2,10,2,0,2,2,0,0,0,0,1,4,1,0,0,0,0
LasmeSt01 ,2007,Stephane,Lasme,MIA,N,15,303,83,26,27,53,3,13,22,15,35,71,32,32,19,0,0
LasmeSt01 ,2007,Stephane,Lasme,GSW,N,1,0,0,0,0,0,0,0,0,0,0,0,0,0,0,0,0
LasmeSt01 ,2007,Stephane,Lasme,TOT,N,16,303,83,26,27,53,3,13,22,15,35,71,32,32,19,0,0
LawAc01   ,2007,Acie,Law,ATL,N,56,863,235,12,45,57,113,29,0,56,73,237,95,48,38,34,7
LEEDA02   ,2007,David,Lee,NYK,N,81,2356,876,241,482,723,95,55,29,97,210,617,341,237,194,2,0
LEWISRA01 ,2007,Rashard,Lewis,ORL,N,81,3080,1476,97,340,437,196,99,38,140,214,1135,516,260,218,553,226
LowryKy01 ,2007,Kyle,Lowry,MEM,N,82,2089,789,41,209,250,297,92,21,127,185,590,255,348,243,140,36
LUETY01   ,2007,Tyronn,Lue,ATL,N,33,567,226,9,32,41,59,11,0,22,38,196,86,28,24,69,30
LUETY01   ,2007,Tyronn,Lue,DAL,N,17,173,64,0,13,13,15,0,1,5,28,57,27,4,1,17,9
LUETY01   ,2007,Tyronn,Lue,TOT,N,50,740,290,9,45,54,74,11,1,27,66,253,113,32,25,86,39
MADSEMA01 ,2007,Mark,Madsen,MIN,N,20,150,9,18,20,38,4,3,2,9,25,19,3,12,3,0,0
MAGGECO01 ,2007,Corey,Maggette,LAC,N,70,2498,1547,78,316,394,189,71,7,195,210,1000,458,681,553,203,78
MAGLOJA01 ,2007,Jamaal,Magloire,DAL,N,7,26,12,1,7,8,0,1,0,7,8,6,3,13,6,0,0
MAGLOJA01 ,2007,Jamaal,Magloire,NJN,N,24,258,44,17,63,80,7,0,11,24,42,48,15,30,14,0,0
MAGLOJA01 ,2007,Jamaal,Magloire,TOT,N,31,284,56,18,70,88,7,1,11,31,50,54,18,43,20,0,0
MahinIa01 ,2007,Ian,Mahinmi,SAS,N,6,22,21,0,5,5,1,0,4,2,4,12,6,9,9,0,0
MARBUST01 ,2007,Stephon,Marbury,NYK,N,24,807,333,17,42,59,113,21,2,48,57,265,111,116,83,74,28
MARIOSH01 ,2007,Shawn,Marion,PHO,N,47,1711,743,86,378,464,98,95,70,49,117,578,304,108,77,167,58
MARIOSH01 ,2007,Shawn,Marion,MIA,N,15,601,229,50,128,178,40,30,15,37,33,209,96,42,29,31,8
MARIOSH01 ,2007,Shawn,Marion,TOT,N,62,2312,972,136,506,642,138,125,85,86,150,787,400,150,106,198,66
MARKSSE01 ,2007,Sean,Marks,PHO,N,19,130,59,9,27,36,4,3,10,8,23,43,23,19,12,4,1
MARSHDO01 ,2007,Donyell,Marshall,CLE,N,11,157,41,9,21,30,5,2,9,6,16,44,13,9,7,23,8
MARSHDO01 ,2007,Donyell,Marshall,SEA,N,16,185,57,15,31,46,5,4,7,9,15,54,19,13,12,30,7
MARSHDO01 ,2007,Donyell,Marshall,TOT,N,27,342,98,24,52,76,10,6,16,15,31,98,32,22,19,53,15
MARTIDA01 ,2007,Darrick,Martin,TOR,N,17,141,27,3,4,7,21,6,0,1,12,43,10,6,5,16,2
MARTIKE01 ,2007,Kenyon,Martin,DEN,N,71,2162,877,105,356,461,90,88,85,91,235,699,376,212,123,11,2
MARTIKE02 ,2007,Kevin,Martin,SAC,N,61,2217,1443,48,224,272,129,62,5,131,150,914,417,578,502,266,107
MASONDE01 ,2007,Desmond,Mason,MIL,N,59,1704,574,75,181,256,121,40,30,83,106,477,230,173,114,0,0
MASONRO01 ,2007,Roger,Mason,WAS,N,80,1704,724,17,113,130,134,40,18,69,140,600,266,71,62,327,130
MAXIEJA01 ,2007,Jason,Maxiell,DET,N,82,1761,651,177,256,433,46,22,94,73,183,446,240,270,171,1,0
MBENGDJ01 ,2007,D.J.,Mbenga,LAL,N,26,195,64,15,26,41,6,4,16,8,38,61,30,10,4,0,0
MBENGDJ01 ,2007,D.J.,Mbenga,GSW,N,16,129,19,13,18,31,4,3,10,4,32,23,9,2,1,0,0
MBENGDJ01 ,2007,D.J.,Mbenga,TOT,N,42,324,83,28,44,72,10,7,26,12,70,84,39,12,5,0,0
MCCANRA01 ,2007,Rashad,McCants,MIN,N,75,2023,1114,50,157,207,162,66,18,171,234,944,428,155,116,349,142
MCCOYJE01 ,2007,Jelani,McCoy,DEN,N,6,32,3,1,6,7,0,0,5,4,7,1,1,2,1,0,0
MCDYEAN01 ,2007,Antonio,McDyess,DET,N,78,2285,683,204,462,666,89,61,53,72,246,600,293,156,97,2,0
MCGRATR01 ,2007,Tracy,McGrady,HOU,N,66,2440,1427,42,297,339,387,68,30,160,92,1307,548,358,245,294,86
McGuiDo01 ,2007,Dominic,McGuire,WAS,N,70,696,93,53,87,140,41,20,26,40,76,103,39,32,14,6,1
MCINNJE01 ,2007,Jeff,McInnis,CHR,N,54,1410,242,16,79,95,220,23,3,75,120,249,108,30,23,19,3
McRobJo01 ,2007,Josh,McRoberts,POR,N,8,29,12,2,8,10,2,1,0,2,1,10,6,0,0,1,0
MIHMCH01  ,2007,Chris,Mihm,LAL,N,23,278,82,28,49,77,16,3,14,17,40,95,32,27,18,0,0
MILESCJ01 ,2007,C.J.,Miles,UTA,N,62,713,300,20,67,87,53,33,8,31,106,242,114,54,42,77,30
MILICDA01 ,2007,Darko,Milicic,MEM,N,70,1665,507,126,297,423,58,32,114,101,185,501,220,121,67,1,0
MILLEAN02 ,2007,Andre,Miller,PHI,N,82,3013,1398,95,228,323,565,105,7,205,181,1156,569,333,257,34,3
MILLEBR01 ,2007,Brad,Miller,SAC,N,72,2514,964,167,514,681,264,68,74,164,247,728,337,309,262,90,28
MILLEMI01 ,2007,Mike,Miller,MEM,N,70,2475,1147,51,416,467,240,35,16,182,145,823,414,212,164,359,155
MillsPa01 ,2007,Paul,Millsap,UTA,N,81,1684,656,165,290,455,81,71,71,85,265,498,251,227,154,4,0
MINGYA01  ,2007,Yao,Ming,HOU,N,55,2044,1209,172,424,596,129,25,111,183,171,852,432,406,345,2,0
MOBLECU01 ,2007,Cuttino,Mobley,LAC,N,77,2696,984,50,225,275,202,78,34,123,151,870,377,199,163,192,67
MOHAMNA01 ,2007,Nazr,Mohammed,CHR,N,61,1420,570,166,256,422,66,39,51,90,194,470,244,133,82,0,0
MOHAMNA01 ,2007,Nazr,Mohammed,DET,N,21,229,69,29,44,73,6,7,8,11,36,59,28,30,13,1,0
MOHAMNA01 ,2007,Nazr,Mohammed,TOT,N,82,1649,639,195,300,495,72,46,59,101,230,529,272,163,95,1,0
MoonJa01  ,2007,Jamario,Moon,TOR,N,78,2169,661,92,392,484,90,80,108,51,152,575,279,85,63,123,40
MOOREMI01 ,2007,Mikki,Moore,SAC,N,82,2383,698,160,334,494,84,35,46,110,310,489,282,182,134,2,0
MorriRa01 ,2007,Randolph,Morris,NYK,N,18,180,56,12,25,37,2,4,2,9,37,58,21,29,14,0,0
MOURNAL01 ,2007,Alonzo,Mourning,MIA,N,25,391,147,34,59,93,7,4,42,25,56,95,52,74,43,0,0
MURPHTR01 ,2007,Troy,Murphy,IND,N,75,2108,913,108,441,549,165,49,32,96,217,691,314,241,192,235,93
MURRARO01 ,2007,Ronald,Murray,IND,N,23,529,254,10,37,47,80,25,3,53,31,228,97,61,46,36,14
MURRARO01 ,2007,Ronald,Murray,DET,N,19,345,142,13,24,37,64,13,1,31,19,139,57,37,22,27,6
MURRARO01 ,2007,Ronald,Murray,TOT,N,42,874,396,23,61,84,144,38,4,84,50,367,154,98,68,63,20
MUTOMDI01 ,2007,Dikembe,Mutombo,HOU,N,39,618,118,68,131,199,5,11,48,17,55,80,43,45,32,0,0
NACHBBO01 ,2007,Bostjan,Nachbar,NJN,N,76,1665,740,57,204,261,88,44,20,85,181,610,246,195,154,262,94
NAJERED01 ,2007,Eduardo,Najera,DEN,N,78,1666,466,114,226,340,95,71,41,61,201,368,174,91,65,147,53
NASHST01  ,2007,Steve,Nash,PHO,N,81,2780,1371,28,254,282,897,53,5,295,113,961,485,245,222,381,179
NavarJu01 ,2007,Juan,Navarro,MEM,N,82,2121,896,34,176,210,178,48,1,134,94,766,308,146,124,432,156
NELSOJA01 ,2007,Jameer,Nelson,ORL,N,69,1963,755,28,215,243,383,63,4,141,167,603,283,151,125,154,64
NESTERA01 ,2007,Radoslav,Nesterovic,TOR,N,71,1483,552,130,212,342,82,20,53,60,132,467,257,49,37,3,1
NEWBLIR01 ,2007,Ira,Newble,LAL,N,6,31,7,6,5,11,3,1,1,3,5,8,3,0,0,2,1
NEWBLIR01 ,2007,Ira,Newble,SEA,N,2,17,4,0,0,0,1,0,0,0,0,7,2,0,0,2,0
NEWBLIR01 ,2007,Ira,Newble,CLE,N,41,654,177,41,73,114,14,27,7,31,64,158,71,26,20,45,15
NEWBLIR01 ,2007,Ira,Newble,TOT,N,49,702,188,47,78,125,18,28,8,34,69,173,76,26,20,49,16
NichoDe01 ,2007,Demetris,Nichols,TOT,N,14,47,15,0,5,5,1,0,3,4,4,23,6,0,0,13,3
NichoDe01 ,2007,Demetris,Nichols,CLE,N,3,15,2,0,1,1,0,0,0,2,0,8,1,0,0,3,0
NichoDe01 ,2007,Demetris,Nichols,CHI,N,11,32,13,0,4,4,1,0,3,2,4,15,5,0,0,10,3
NoahJo01  ,2007,Joakim,Noah,CHI,N,74,1533,488,174,242,416,84,68,64,89,173,367,177,194,134,1,0
NOCIOAN01 ,2007,Andres,Nocioni,CHI,N,82,2019,1079,48,294,342,95,25,42,133,245,877,379,241,195,345,126
NovakSt01 ,2007,Steve,Novak,HOU,N,35,263,135,4,31,35,6,2,3,4,17,102,49,4,3,71,34
NOWITDI01 ,2007,Dirk,Nowitzki,DAL,N,77,2772,1817,95,564,659,266,51,71,160,198,1314,630,544,478,220,79
OBERTFA01 ,2007,Fabricio,Oberto,SAS,N,82,1645,397,153,277,430,95,37,20,50,203,296,180,61,37,1,0
OBryaPa01 ,2007,Patrick,O'Bryant,GSW,N,25,104,39,10,19,29,4,3,9,7,28,29,17,7,5,0,0
ODOMLA01  ,2007,Lamar,Odom,LAL,N,77,2921,1094,196,622,818,272,75,72,155,222,795,417,328,229,113,31
OKAFOEM01 ,2007,Emeka,Okafor,CHR,N,82,2723,1133,255,621,876,70,62,138,164,241,861,460,374,213,0,0
OKURME01  ,2007,Mehmet,Okur,UTA,N,72,2389,1047,132,424,556,145,55,30,104,236,842,374,230,185,294,114
OLLIEKE01 ,2007,Kevin,Ollie,PHI,N,40,299,70,4,15,19,38,10,0,5,28,69,29,15,12,1,0
ONEAJE01  ,2007,Jermaine,O'Neal,IND,N,42,1207,571,82,201,283,93,20,87,106,129,512,225,163,121,5,0
ONEASH01  ,2007,Shaquille,O'Neal,PHO,N,28,803,362,67,229,296,48,13,34,83,94,229,140,160,82,0,0
ONEASH01  ,2007,Shaquille,O'Neal,MIA,N,33,947,470,99,159,258,45,19,54,98,134,329,191,178,88,0,0
ONEASH01  ,2007,Shaquille,O'Neal,TOT,N,61,1750,832,166,388,554,93,32,88,181,228,558,331,338,170,0,0
OUTLABO01 ,2007,Charles,Outlaw,ORL,N,2,6,4,0,0,0,0,0,0,1,1,3,2,0,0,0,0
OUTLATR01 ,2007,Travis,Outlaw,POR,N,82,2183,1094,96,280,376,108,59,63,107,173,964,418,294,218,100,40
OWENSAN01 ,2007,Andre,Owens,IND,N,31,390,123,13,34,47,47,13,3,24,37,108,40,34,25,40,18
PACHUZA01 ,2007,Zaza,Pachulia,ATL,N,62,944,322,89,159,248,36,24,13,69,140,245,107,153,108,3,0
PARGOJA01 ,2007,Jannero,Pargo,NOH,N,80,1499,644,27,104,131,193,50,5,93,123,651,254,81,71,185,65
PARKEAN01 ,2007,Anthony,Parker,TOR,N,82,2632,1025,50,284,334,183,79,17,87,157,829,395,125,102,304,133
PARKETO01 ,2007,Tony,Parker,SAS,N,69,2313,1295,30,191,221,411,55,8,165,93,1043,515,347,248,66,17
PARKEWI01 ,2007,Smush,Parker,MIA,N,9,184,43,2,17,19,15,5,3,8,13,54,17,4,3,24,6
PARKEWI01 ,2007,Smush,Parker,LAC,N,19,409,122,2,30,32,69,19,3,36,46,130,47,24,16,54,12
PARKEWI01 ,2007,Smush,Parker,TOT,N,28,593,165,4,47,51,84,24,6,44,59,184,64,28,19,78,18
PATTERU01 ,2007,Ruben,Patterson,LAC,N,20,324,102,24,40,64,17,21,7,27,37,86,39,43,24,2,0
PAULCH01  ,2007,Chris,Paul,NOH,N,80,3006,1684,62,259,321,925,217,4,201,185,1291,630,390,332,249,92
PAVLOAL01 ,2007,Sasha,Pavlovic,CLE,N,50,1161,355,36,92,128,81,28,6,55,111,390,137,75,52,106,29
PecheOl01 ,2007,Oleksiy,Pecherov,WAS,N,35,320,125,21,45,66,7,6,5,17,30,125,44,31,20,60,17
PERKIKE01 ,2007,Kendrick,Perkins,BOS,N,78,1914,542,145,329,474,84,30,111,125,242,349,214,183,114,1,0
PerovKo01 ,2007,Kosta,Perovic,GSW,N,7,38,10,6,7,13,1,0,2,1,6,10,3,6,4,0,0
PETERMO01 ,2007,Morris,Peterson,NOH,N,76,1796,608,36,170,206,67,47,7,41,125,516,215,85,65,287,113
PETROJO01 ,2007,Johan,Petro,SEA,N,72,1307,432,98,273,371,32,35,44,73,173,440,184,87,64,1,0
PIATKER01 ,2007,Eric,Piatkowski,PHO,N,16,114,39,1,11,12,10,0,1,6,11,33,12,4,4,26,11
PIERCPA01 ,2007,Paul,Pierce,BOS,N,80,2874,1570,53,354,407,363,103,35,220,200,1098,509,485,409,365,143
PIETRMI01 ,2007,Mickael,Pietrus,GSW,N,66,1317,472,68,175,243,49,66,43,48,200,388,170,98,66,182,66
POLLASC01 ,2007,Scot,Pollard,BOS,N,22,173,39,14,23,37,3,3,6,5,43,23,12,22,15,0,0
POSEYJA01 ,2007,James,Posey,BOS,N,74,1818,545,30,292,322,114,72,20,65,182,414,173,115,93,279,106
PoweLe01  ,2007,Leon,Powe,BOS,N,56,808,445,95,136,231,15,15,16,43,127,268,154,193,137,1,0
POWELJO01 ,2007,Josh,Powell,LAC,N,64,1228,353,115,216,331,47,14,23,65,130,315,145,87,63,3,0
PowelKa01 ,2007,Kasib,Powell,MIA,N,11,304,84,8,36,44,18,9,2,5,18,95,35,9,6,33,8
PRICERO01 ,2007,Ronnie,Price,UTA,N,61,586,228,8,38,46,78,32,3,30,83,204,88,38,26,75,26
PRINCTA01 ,2007,Tayshaun,Prince,DET,N,82,2698,1080,109,289,398,267,42,33,91,90,940,421,241,185,146,53
PruitGa01 ,2007,Gabe,Pruitt,BOS,N,15,95,32,1,7,8,13,5,0,5,10,39,14,2,1,12,3
PRZYBJO01 ,2007,Joel,Przybilla,POR,N,77,1820,369,193,454,647,27,13,92,95,234,247,143,122,83,1,0
QuinnCh01 ,2007,Chris,Quinn,MIA,N,60,1342,465,11,107,118,177,46,4,55,91,373,158,98,85,159,64
RADMAVL01 ,2007,Vladimir,Radmanovic,LAL,N,65,1482,545,56,159,215,122,46,12,73,147,438,199,65,52,234,95
RANDOSH01 ,2007,Shavlik,Randolph,PHI,N,9,27,8,9,2,11,3,1,3,2,5,14,4,0,0,0,0
RANDOZA01 ,2007,Zach,Randolph,NYK,N,70,2263,1217,185,528,713,141,59,16,187,196,1059,486,289,223,80,22
RATLITH01 ,2007,Theo,Ratliff,MIN,N,10,213,63,13,26,39,7,3,19,12,30,45,23,25,17,1,0
RATLITH01 ,2007,Theo,Ratliff,DET,N,16,222,48,19,31,50,7,4,19,9,29,40,18,18,12,0,0
RATLITH01 ,2007,Theo,Ratliff,TOT,N,26,435,111,32,57,89,14,7,38,21,59,85,41,43,29,1,0
REDDMI01  ,2007,Michael,Redd,MIL,N,72,2700,1632,84,224,308,247,65,13,181,120,1243,550,490,402,358,130
RedicJJ01 ,2007,J.J.,Redick,ORL,N,34,275,140,1,22,23,16,4,0,15,29,108,48,34,27,43,17
RichaCh01 ,2007,Chris,Richard,MIN,N,52,556,98,52,83,135,18,10,12,23,82,87,41,27,16,0,0
RICHAJA01 ,2007,Jason,Richardson,CHR,N,82,3151,1788,81,360,441,258,116,55,166,241,1468,648,332,249,599,243
RichaJe01 ,2007,Jeremy,Richardson,SAS,N,5,28,10,0,1,1,1,1,0,0,5,7,3,2,2,5,2
RichaJe01 ,2007,Jeremy,Richardson,MEM,N,3,14,0,0,1,1,1,0,0,1,2,6,0,0,0,2,0
RichaJe01 ,2007,Jeremy,Richardson,ATL,N,18,89,31,1,6,7,0,2,0,5,6,31,13,0,0,12,5
RichaJe01 ,2007,Jeremy,Richardson,TOT,N,26,131,41,1,8,9,2,3,0,6,13,44,16,2,2,19,7
RICHAQU01 ,2007,Quentin,Richardson,NYK,N,65,1841,527,56,258,314,116,44,15,69,153,555,199,88,60,213,69
RIDNOLU01 ,2007,Luke,Ridnour,SEA,N,61,1220,393,13,81,94,241,37,14,80,120,368,147,91,78,71,21
ROBINNA01 ,2007,Nate,Robinson,NYK,N,72,1881,913,51,171,222,212,60,1,103,185,782,331,196,154,292,97
RodriSe01 ,2007,Sergio,Rodriguez,POR,N,72,633,180,13,45,58,123,24,0,53,58,196,69,38,25,58,17
RondoRa01 ,2007,Rajon,Rondo,BOS,N,77,2309,814,78,244,322,393,129,13,147,187,713,351,175,107,19,5
ROSEMA01  ,2007,Malik,Rose,NYK,N,49,496,171,31,72,103,28,16,7,40,80,180,66,51,37,7,2
ROSSQU01  ,2007,Quinton,Ross,LAC,N,76,1504,311,54,118,172,88,43,33,29,132,336,131,60,40,21,9
RoyBr01   ,2007,Brandon,Roy,POR,N,74,2792,1416,81,267,348,430,79,15,136,147,1169,531,373,281,214,73
RUFFIMI01 ,2007,Michael,Ruffin,MIL,N,46,633,91,90,96,186,24,31,19,19,93,62,33,63,25,0,0
RUSHKA01  ,2007,Kareem,Rush,IND,N,71,1504,588,19,149,168,89,42,19,61,108,568,228,42,30,262,102
SALMOJO01 ,2007,John,Salmons,SAC,N,81,2515,1015,76,273,349,208,93,31,170,171,798,381,260,214,120,39
SambCh01  ,2007,Cheikh,Samb,DET,N,4,32,7,3,4,7,0,1,2,1,8,4,3,2,1,0,0
SCALABR01 ,2007,Brian,Scalabrine,BOS,N,48,512,88,22,57,79,40,9,8,26,63,94,29,20,15,46,15
ScolaLu01 ,2007,Luis,Scola,HOU,N,82,2023,847,174,353,527,106,60,19,105,235,670,345,235,157,3,0
SefolTh01 ,2007,Thabo,Sefolosha,CHI,N,69,1436,464,50,205,255,129,61,30,93,128,421,180,104,75,87,29
SeneMo01  ,2007,Mouhamed,Sene,SEA,N,13,63,30,7,9,16,1,0,7,0,9,24,11,17,8,0,0
SessiRa01 ,2007,Ramon,Sessions,MIL,N,17,448,137,8,50,58,127,17,3,35,26,118,51,41,32,7,3
SIMMOBO01 ,2007,Bobby,Simmons,MIL,N,70,1519,531,67,159,226,80,50,5,78,140,496,209,70,53,171,60
SimmoCe01 ,2007,Cedric,Simmons,CHI,N,7,19,4,1,2,3,0,0,0,2,1,8,2,2,0,0,0
SimmoCe01 ,2007,Cedric,Simmons,CLE,N,7,68,4,5,10,15,0,2,5,4,7,6,2,8,0,0,0
SimmoCe01 ,2007,Cedric,Simmons,TOT,N,14,87,8,6,12,18,0,2,5,6,8,14,4,10,0,0,0
SimsCo01  ,2007,Courtney,Sims,IND,N,3,11,0,1,1,2,1,0,0,0,2,1,0,0,0,0,0
SKINNBR01 ,2007,Brian,Skinner,PHO,N,66,848,219,63,175,238,15,21,77,39,112,198,92,63,33,3,2
SmithCr01 ,2007,Craig,Smith,MIN,N,77,1546,727,123,234,357,60,36,17,89,217,528,297,200,133,9,0
SmithJa02 ,2007,Jason,Smith,PHI,N,76,1104,340,77,153,230,21,22,50,48,142,311,141,82,54,14,4
SMITHJO01 ,2007,Joe,Smith,CLE,N,26,555,212,52,75,127,19,9,15,20,70,165,86,61,40,2,0
SMITHJO01 ,2007,Joe,Smith,CHI,N,50,1145,561,108,157,265,47,25,31,49,113,484,226,135,109,1,0
SMITHJO01 ,2007,Joe,Smith,TOT,N,76,1700,773,160,232,392,66,34,46,69,183,649,312,196,149,3,0
SMITHJO03 ,2007,Josh,Smith,ATL,N,81,2876,1394,161,506,667,274,123,227,244,263,1133,518,469,333,99,25
SMITHJR01 ,2007,J.R.,Smith,DEN,N,74,1421,907,43,109,152,128,62,12,112,144,674,311,178,128,390,157
SNOWER01  ,2007,Eric,Snow,CLE,N,22,306,22,4,16,20,42,10,4,10,30,38,6,22,10,2,0
SNYDEKI01 ,2007,Kirk,Snyder,MIN,N,27,681,227,25,90,115,56,19,14,49,49,161,83,77,58,14,3
SNYDEKI01 ,2007,Kirk,Snyder,HOU,N,9,80,34,5,7,12,8,1,1,4,6,28,13,11,6,9,2
SNYDEKI01 ,2007,Kirk,Snyder,TOT,N,36,761,261,30,97,127,64,20,15,53,55,189,96,88,64,23,5
SONGADA01 ,2007,Darius,Songaila,WAS,N,80,1555,495,81,190,271,135,54,16,84,181,467,214,73,67,2,0
STACKJE01 ,2007,Jerry,Stackhouse,DAL,N,58,1410,618,33,100,133,145,28,10,86,82,526,213,148,132,184,60
STEVEDE01 ,2007,DeShawn,Stevenson,WAS,N,82,2561,914,37,198,235,252,65,15,102,110,779,300,197,157,412,157
STOJAPR01 ,2007,Predrag,Stojakovic,NOH,N,77,2716,1263,64,267,331,96,57,10,61,126,1026,451,140,130,524,231
STOREAW01 ,2007,Awvee,Storey,MIL,N,26,259,92,31,23,54,16,7,1,10,41,89,39,29,14,7,0
STOUDAM01 ,2007,Amare,Stoudemire,PHO,N,79,2681,1989,178,541,719,118,64,163,174,294,1211,714,691,556,31,5
STOUDDA01 ,2007,Damon,Stoudamire,SAS,N,31,413,106,6,41,47,53,11,2,31,30,143,43,8,6,55,14
STOUDDA01 ,2007,Damon,Stoudamire,MEM,N,29,625,211,14,57,71,112,19,0,50,46,194,77,26,21,94,36
STOUDDA01 ,2007,Damon,Stoudamire,TOT,N,60,1038,317,20,98,118,165,30,2,81,76,337,120,34,27,149,50
STOUDSA01 ,2007,Salim,Stoudamire,ATL,N,35,407,200,4,20,24,28,7,5,21,34,180,65,50,41,85,29
StrawDJ01 ,2007,DJ,Strawberry,PHO,N,33,272,73,9,19,28,30,12,6,11,36,92,29,19,9,25,6
StuckRo01 ,2007,Rodney,Stuckey,DET,N,57,1082,436,32,97,129,159,49,5,78,113,381,153,156,127,16,3
SWIFTRO01 ,2007,Robert,Swift,SEA,N,8,99,14,6,12,18,1,5,6,10,16,17,6,2,2,0,0
SWIFTST01 ,2007,Stromile,Swift,NJN,N,21,293,105,18,52,70,4,5,18,12,39,88,42,28,21,0,0
SWIFTST01 ,2007,Stromile,Swift,MEM,N,35,549,238,47,83,130,22,10,36,39,74,177,93,81,52,2,0
SWIFTST01 ,2007,Stromile,Swift,TOT,N,56,842,343,65,135,200,26,15,54,51,113,265,135,109,73,2,0
SZCZEWA01 ,2007,Wally,Szczerbiak,TOT,N,74,1728,855,33,183,216,103,23,12,74,102,713,309,175,149,212,88
SZCZEWA01 ,2007,Wally,Szczerbiak,SEA,N,50,1183,656,16,120,136,69,14,5,55,67,512,236,134,113,165,71
SZCZEWA01 ,2007,Wally,Szczerbiak,CLE,N,24,545,199,17,63,80,34,9,7,19,35,201,73,41,36,47,17
TELFASE01 ,2007,Sebastian,Telfair,MIN,N,60,1933,556,16,121,137,355,59,11,111,171,556,223,105,78,114,32
TERRYJA01 ,2007,Jason,Terry,DAL,N,82,2581,1269,30,178,208,264,88,18,92,170,1008,471,223,191,363,136
THOMABI01 ,2007,Billy,Thomas,NJN,N,4,8,2,0,0,0,0,0,0,1,0,3,0,2,2,3,0
THOMABI01 ,2007,Billy,Thomas,CLE,N,7,33,12,0,2,2,0,1,0,3,4,14,4,0,0,13,4
THOMABI01 ,2007,Billy,Thomas,TOT,N,11,41,14,0,2,2,0,1,0,4,4,17,4,2,2,16,4
THOMAKE01 ,2007,Kenny,Thomas,SAC,N,23,284,32,18,43,61,13,6,1,21,38,38,16,5,0,0,0
THOMAKU01 ,2007,Kurt,Thomas,SEA,N,42,1062,317,94,275,369,53,35,43,28,131,272,139,56,39,0,0
THOMAKU01 ,2007,Kurt,Thomas,SAS,N,28,524,126,36,102,138,14,21,14,18,57,125,56,24,14,1,0
THOMAKU01 ,2007,Kurt,Thomas,TOT,N,70,1586,443,130,377,507,67,56,57,46,188,397,195,80,53,1,0
THOMATI01 ,2007,Tim,Thomas,LAC,N,63,1941,780,62,262,324,171,40,29,98,192,704,291,153,115,270,83
ThomaTy01 ,2007,Tyrus,Thomas,CHI,N,74,1326,502,102,240,342,90,48,74,77,170,440,186,174,129,6,1
ThornAl01 ,2007,Al,Thornton,LAC,N,79,2164,1005,98,260,358,98,46,43,128,196,870,374,288,214,130,43
TINSLJA01 ,2007,Jamaal,Tinsley,IND,N,39,1299,464,24,117,141,326,66,10,130,97,463,176,100,72,141,40
TuckeAl02 ,2007,Alando,Tucker,PHO,N,6,48,22,4,4,8,0,0,1,0,2,22,8,6,5,4,1
TURIARO01 ,2007,Ronny,Turiaf,LAL,N,78,1459,516,95,211,306,128,28,108,72,199,396,188,186,140,2,0
TURKOHI01 ,2007,Hidayet,Turkoglu,ORL,N,82,3027,1602,84,387,471,409,74,25,246,244,1219,556,391,324,415,166
UDOKAIM01 ,2007,Ime,Udoka,SAS,N,73,1319,423,36,192,228,66,56,17,57,124,375,159,58,44,165,61
UDRIHBE01 ,2007,Beno,Udrih,SAC,N,65,2080,834,34,183,217,282,57,10,148,138,708,328,147,125,137,53
VAREJAN01 ,2007,Anderson,Varejao,CLE,N,47,1287,317,131,256,387,53,37,26,56,132,286,134,82,49,2,0
VAUGHJA01 ,2007,Jacque,Vaughn,SAS,N,74,1141,306,13,61,74,159,23,1,54,96,283,121,80,61,10,3
VILLACH01 ,2007,Charlie,Villanueva,MIL,N,76,1828,884,145,321,466,78,30,35,106,174,813,353,157,123,183,55
VinicMa01 ,2007,Marcus,Vinicius,NOH,N,14,73,30,1,9,10,2,1,1,4,3,21,10,11,5,12,5
VOSKUJA01 ,2007,Jake,Voskuhl,MIL,N,44,385,98,30,67,97,13,9,21,29,83,80,37,29,24,0,0
VUJACSA01 ,2007,Sasha,Vujacic,LAL,N,72,1282,630,19,135,154,73,36,5,52,107,481,218,91,76,270,118
WADEDW01  ,2007,Dwyane,Wade,MIA,N,51,1950,1256,45,169,214,354,87,37,224,137,937,439,469,356,77,22
WAFERVO01 ,2007,Von,Wafer,POR,N,8,65,19,0,9,9,2,0,2,2,3,23,7,4,2,11,3
WAFERVO01 ,2007,Von,Wafer,DEN,N,21,89,27,1,9,10,5,2,1,11,4,38,10,8,6,15,1
WAFERVO01 ,2007,Von,Wafer,TOT,N,29,154,46,1,18,19,7,2,3,13,7,61,17,12,8,26,4
WALKEAN01 ,2007,Antoine,Walker,MIN,N,46,894,368,56,113,169,45,33,8,46,80,375,136,66,35,188,61
WALLABE01 ,2007,Ben,Wallace,CLE,N,21,545,85,57,98,155,13,19,34,16,32,78,34,42,17,0,0
WALLABE01 ,2007,Ben,Wallace,CHI,N,50,1631,255,175,266,441,92,69,80,49,86,271,101,125,53,4,0
WALLABE01 ,2007,Ben,Wallace,TOT,N,71,2176,340,232,364,596,105,88,114,65,118,349,135,167,70,4,0
WALLAGE01 ,2007,Gerald,Wallace,CHR,N,62,2378,1200,58,316,374,216,131,58,180,189,904,408,428,313,221,71
WALLARA01 ,2007,Rasheed,Wallace,DET,N,77,2348,979,83,426,509,137,91,129,86,213,869,376,150,115,314,112
WALTOLU01 ,2007,Luke,Walton,LAL,N,74,1730,535,85,206,291,218,60,19,100,133,478,215,109,77,84,28
WARRIHA01 ,2007,Hakim,Warrick,MEM,N,75,1755,852,123,233,356,52,36,29,84,156,653,328,260,183,48,13
WashiDa01 ,2007,Darius,Washington,SAS,N,18,145,53,4,16,20,15,5,0,14,16,48,21,13,7,12,4
WatkiDa01 ,2007,Darryl,Watkins,SAC,N,9,71,12,5,7,12,0,2,2,7,8,15,5,5,2,0,0
WatsoCJ01 ,2007,C.J.,Watson,GSW,N,32,365,118,13,19,32,32,15,0,18,21,101,43,29,23,26,9
WATSOEA01 ,2007,Earl,Watson,SEA,N,78,2276,834,43,182,225,531,70,12,175,158,745,337,145,111,132,49
WEBBECH01 ,2007,Chris,Webber,GSW,N,9,126,35,2,30,32,18,4,6,11,17,31,15,12,5,0,0
WEBSTMA02 ,2007,Martell,Webster,POR,N,75,2130,799,54,242,296,90,42,28,83,159,656,277,166,122,317,123
WELLSBO01 ,2007,Bonzi,Wells,NOH,N,22,438,193,21,50,71,17,24,8,27,44,157,77,53,35,12,4
WELLSBO01 ,2007,Bonzi,Wells,HOU,N,51,1128,469,63,197,260,80,51,24,76,113,412,175,174,111,38,8
WELLSBO01 ,2007,Bonzi,Wells,TOT,N,73,1566,662,84,247,331,97,75,32,103,157,569,252,227,146,50,12
WESTDA01  ,2007,David,West,NOH,N,76,2871,1564,179,496,675,177,67,98,165,208,1305,629,353,300,25,6
WESTDE01  ,2007,Delonte,West,SEA,N,35,723,239,13,83,96,113,30,10,66,44,250,97,39,26,56,19
WESTDE01  ,2007,Delonte,West,CLE,N,25,773,258,15,77,92,108,27,19,51,55,218,96,50,39,76,27
WESTDE01  ,2007,Delonte,West,TOT,N,60,1496,497,28,160,188,221,57,29,117,99,468,193,89,65,132,46
WestMa02  ,2007,Mario,West,ATL,N,64,266,59,26,23,49,13,12,4,9,61,49,21,26,17,4,0
WILCOCH01 ,2007,Chris,Wilcox,SEA,N,62,1740,828,124,306,430,76,50,39,100,171,638,334,248,160,3,0
WILKIDA02 ,2007,Damien,Wilkins,SEA,N,76,1849,698,72,173,245,150,62,19,89,128,673,271,144,106,155,50
WILKSMI01 ,2007,Mike,Wilks,SEA,N,3,22,12,0,1,1,5,1,0,2,2,9,5,2,2,1,0
WILKSMI01 ,2007,Mike,Wilks,DEN,N,8,122,24,4,8,12,6,5,0,5,9,23,10,2,2,5,2
WILKSMI01 ,2007,Mike,Wilks,WAS,N,4,43,5,1,5,6,3,3,0,1,2,4,2,0,0,2,1
WILKSMI01 ,2007,Mike,Wilks,TOT,N,15,187,41,5,14,19,14,9,0,8,13,36,17,4,4,8,3
WILLIAA01 ,2007,Aaron,Williams,LAC,N,30,297,68,15,46,61,9,12,14,14,44,55,27,18,14,0,0
WILLIDE01 ,2007,Deron,Williams,UTA,N,82,3059,1545,34,209,243,862,90,24,279,200,1117,566,411,330,210,83
WILLIJA02 ,2007,Jason,Williams,MIA,N,66,1883,588,12,118,130,307,83,5,91,93,549,211,80,69,275,97
WilliJu01 ,2007,Justin,Williams,SAC,N,22,115,31,19,29,48,0,5,5,3,14,26,12,22,7,0,0
WilliJu01 ,2007,Justin,Williams,HOU,N,1,6,3,1,0,1,0,0,0,1,3,3,1,4,1,0,0
WilliJu01 ,2007,Justin,Williams,TOT,N,23,121,34,20,29,49,0,5,5,4,17,29,13,26,8,0,0
WILLILO02 ,2007,Louis,Williams,PHI,N,80,1868,920,41,127,168,253,80,13,125,130,752,319,290,227,153,55
WILLIMA01 ,2007,Maurice,Williams,MIL,N,66,2407,1137,37,193,230,419,78,10,182,188,919,441,194,166,230,89
WILLIMA02 ,2007,Marvin,Williams,ATL,N,80,2764,1185,119,339,458,137,82,33,127,225,918,424,409,336,10,1
WilliMa03 ,2007,Marcus,Williams,NJN,N,54,868,315,15,89,104,140,25,5,76,54,295,112,47,37,142,54
WilliMa04 ,2007,Marcus.,Williams,LAC,N,10,34,10,4,8,12,3,1,0,0,3,19,5,0,0,0,0
WilliMa04 ,2007,Marcus.,Williams,SAS,N,1,2,0,0,0,0,0,0,1,0,0,1,0,0,0,0,0
WilliMa04 ,2007,Marcus.,Williams,TOT,N,11,36,10,4,8,12,3,1,1,0,3,20,5,0,0,0,0
WilliSe01 ,2007,Sean,Williams,NJN,N,72,1269,407,114,205,319,28,28,104,70,191,306,163,133,81,0,0
WilliSh02 ,2007,Shawne,Williams,IND,N,65,965,437,54,123,177,59,26,26,58,132,372,159,106,76,136,43
WilliSh03 ,2007,Shelden,Williams,ATL,N,36,414,109,34,73,107,11,13,11,14,61,100,37,51,35,1,0
WilliSh03 ,2007,Shelden,Williams,SAC,N,28,361,146,34,64,98,8,9,10,21,50,112,55,54,36,1,0
WilliSh03 ,2007,Shelden,Williams,TOT,N,64,775,255,68,137,205,19,22,21,35,111,212,92,105,71,2,0
WOODSLO01 ,2007,Loren,Woods,HOU,N,7,16,6,0,1,1,2,0,0,0,2,5,3,0,0,0,0
WRIGHAN01 ,2007,Antoine,Wright,NJN,N,41,1056,296,34,91,125,67,26,17,39,105,287,114,58,41,101,27
WRIGHAN01 ,2007,Antoine,Wright,DAL,N,15,177,52,5,17,22,13,2,4,11,22,42,21,9,5,9,5
WRIGHAN01 ,2007,Antoine,Wright,TOT,N,56,1233,348,39,108,147,80,28,21,50,127,329,135,67,46,110,32
WrighBr03 ,2007,Brandan,Wright,GSW,N,37,372,147,37,61,98,8,6,22,13,35,111,61,38,25,0,0
WRIGHDO01 ,2007,Dorell,Wright,MIA,N,44,1105,347,48,170,218,60,29,40,29,79,293,143,69,57,11,4
WrighJu01 ,2007,Julian,Wright,NOH,N,56,635,221,33,82,115,40,29,12,34,43,168,89,52,33,24,10
WRIGHLO02 ,2007,Lorenzen,Wright,SAC,N,5,13,2,1,0,1,1,0,0,2,5,4,1,0,0,0,0
WRIGHLO02 ,2007,Lorenzen,Wright,ATL,N,13,149,13,7,30,37,3,3,3,2,25,17,5,6,3,0,0
WRIGHLO02 ,2007,Lorenzen,Wright,TOT,N,18,162,15,8,30,38,4,3,3,4,30,21,6,6,3,0,0
YoungNi01 ,2007,Nick,Young,WAS,N,75,1157,561,23,92,115,63,35,7,95,130,478,210,124,101,100,40
YoungTh01 ,2007,Thaddeus,Young,PHI,N,74,1554,610,120,194,314,58,73,8,64,126,490,264,103,76,19,6
